{"chunk_definitions":[{"row":27,"row_count":1,"visible":true,"expansion_state":0,"options":{"engine":"r","label":"unnamed-chunk-1"},"document_id":"D8C54DC3","chunk_id":"cfegbx9owk01a","chunk_label":"unnamed-chunk-1"},{"row":48,"row_count":1,"visible":true,"expansion_state":0,"options":{},"document_id":"D8C54DC3","chunk_id":"cvivcsbyvbpt9","chunk_label":"unnamed-chunk-2"},{"row":55,"row_count":1,"visible":true,"expansion_state":0,"options":{},"document_id":"D8C54DC3","chunk_id":"ctcicier6sva2","chunk_label":"unnamed-chunk-3"},{"row":62,"row_count":1,"visible":true,"expansion_state":0,"options":{},"document_id":"D8C54DC3","chunk_id":"c9b5z2o9j5ofp","chunk_label":"unnamed-chunk-4"},{"row":69,"row_count":1,"visible":true,"expansion_state":0,"options":{},"document_id":"D8C54DC3","chunk_id":"crj7118jp6z0y","chunk_label":"unnamed-chunk-5"},{"row":77,"row_count":1,"visible":true,"expansion_state":0,"options":{},"document_id":"D8C54DC3","chunk_id":"cessnz8ccm3p7","chunk_label":"unnamed-chunk-6"},{"row":82,"row_count":1,"visible":true,"expansion_state":0,"options":{},"document_id":"D8C54DC3","chunk_id":"c9pqm028h5vmb","chunk_label":"unnamed-chunk-7"},{"row":92,"row_count":1,"visible":true,"expansion_state":0,"options":{},"document_id":"D8C54DC3","chunk_id":"cogdskodppqzc","chunk_label":"unnamed-chunk-8"},{"row":99,"row_count":1,"visible":true,"expansion_state":0,"options":{},"document_id":"D8C54DC3","chunk_id":"c0u676gy0mj1w","chunk_label":"unnamed-chunk-9"},{"row":105,"row_count":1,"visible":true,"expansion_state":0,"options":{},"document_id":"D8C54DC3","chunk_id":"c7n49avj2mfvc","chunk_label":"unnamed-chunk-10"},{"row":113,"row_count":1,"visible":true,"expansion_state":0,"options":{},"document_id":"D8C54DC3","chunk_id":"c21l8u2tz05be","chunk_label":"unnamed-chunk-11"},{"row":120,"row_count":1,"visible":true,"expansion_state":0,"options":{},"document_id":"D8C54DC3","chunk_id":"ci4eq2ojymxs0","chunk_label":"unnamed-chunk-12"},{"row":132,"row_count":1,"visible":true,"expansion_state":0,"options":{},"document_id":"D8C54DC3","chunk_id":"cnwaj2jcxaawy","chunk_label":"unnamed-chunk-13"}],"doc_write_time":14074156864176238}