"0",""
"0","availability_check_d <- new_d |> mutate(Education_inequality_missing"
"0","= as.numeric(is.na(Education_inequality)), .after ="
"0","Education_inequality) |> group_by(country_name) |> arrange(year)"
"0",""
"0","availability_check_summary <- availability_check_d |>"
"0","summarise(N_Education_inequality_missing ="
"0","sum(Education_inequality_missing))"
"0",""
"0","availability_check_2 <-new_d |> mutate(missing_Education_15plus ="
"0","as.numeric(is.na(`Education_15plus`)), .after = `Education_15plus`) |>"
"0","group_by(country_name) |> arrange(year)"
"0",""
"0","availability_check_summary_2 <- availability_check_2 |>"
"0","summarise(`N_missing_Education_15plus` = sum(`missing_Education_15plus`))"
"0",""
"0","availability_check_summary['N_missing_Education_15plus']= availability_check_summary_2['N_missing_Education_15plus']"
"0","#availability_check_summary now has the number of both missing indicators by country-year "
"0",""
"0",""
"0","check_data_available <- new_d |> mutate(Available = (!is.na(Education_inequality) & !is.na(`Education_15plus`)))"
"0",""
"0","# Check number of missing values by country-year"
"0",""
"0","table(check_data_available$Available, useNA = ""always"")"
"1","
"
"1","FALSE "
"1"," TRUE "
"1"," <NA> "
"1","
"
"1"," 3411 "
"1"," 3378 "
"1","    0 "
"1","
"
"0","#result is "
"0","#FALSE  TRUE  <NA> "
"0","# 3411  3378     0 "
