{"chunk_definitions":[{"row":9,"row_count":1,"visible":true,"expansion_state":0,"options":{"engine":"r","label":"setup","include":false},"document_id":"0B1B057F","chunk_id":"csetup_chunk","chunk_label":"setup"},{"row":21,"row_count":1,"visible":true,"expansion_state":0,"options":{"engine":"r","label":"unnamed-chunk-13"},"document_id":"0B1B057F","chunk_id":"ciube11p3qt7w","chunk_label":"unnamed-chunk-1"},{"row":28,"row_count":1,"visible":true,"expansion_state":0,"options":{"engine":"r","label":"unnamed-chunk-14"},"document_id":"0B1B057F","chunk_id":"cux4oxqbvvusc","chunk_label":"unnamed-chunk-2"},{"row":34,"row_count":1,"visible":true,"expansion_state":0,"options":{"engine":"r","label":"unnamed-chunk-15"},"document_id":"0B1B057F","chunk_id":"ce6y2f7x42kr3","chunk_label":"unnamed-chunk-3"},{"row":43,"row_count":1,"visible":true,"expansion_state":0,"options":{"engine":"r","label":"unnamed-chunk-17"},"document_id":"0B1B057F","chunk_id":"ccfaqbinm4c8n","chunk_label":"unnamed-chunk-4"},{"row":52,"row_count":1,"visible":true,"expansion_state":0,"options":{"engine":"r","label":"unnamed-chunk-18"},"document_id":"0B1B057F","chunk_id":"c18gi4mizfp3b","chunk_label":"unnamed-chunk-5"},{"row":85,"row_count":1,"visible":true,"expansion_state":0,"options":{"engine":"r","label":"unnamed-chunk-20"},"document_id":"0B1B057F","chunk_id":"cpgg5itlk8mux","chunk_label":"unnamed-chunk-6"},{"row":91,"row_count":1,"visible":true,"expansion_state":0,"options":{"engine":"r","label":"unnamed-chunk-21"},"document_id":"0B1B057F","chunk_id":"c4c8ghoz8z582","chunk_label":"unnamed-chunk-7"},{"row":106,"row_count":1,"visible":true,"expansion_state":0,"options":{"engine":"r","label":"unnamed-chunk-22"},"document_id":"0B1B057F","chunk_id":"cogvm2jx3f9s7","chunk_label":"unnamed-chunk-8"}],"doc_write_time":7236002988532191776,"working_dir":null,"default_chunk_options":{"echo":true}}