Year,ISO,Rank,Score,country_name,Zone,pol_part_score
2013,AND,5,93.18,Andorra,UE Balkans,NA
2014,AND,5,93.18,Andorra,UE Balkans,NA
2015,AND,32,80.13,Andorra,UE Balkans,NA
2016,AND,33,80.13,Andorra,UE Balkans,NA
2017,AND,35,78.97,Andorra,UE Balkans,NA
2018,AND,37,77.79,Andorra,UE Balkans,NA
2019,AND,37,75.37,Andorra,UE Balkans,NA
2020,AND,37,76.77,Andorra,UE Balkans,NA
2021,AND,39,76.68,Andorra,UE Balkans,NA
2022,AND,53,68.79,Andorra,Europe - Asie centrale,NA
2014,BLZ,29,82.95,Belize,Amériques,NA
2015,BLZ,30,81.46,Belize,Amériques,NA
2016,BLZ,36,79.39,Belize,Amériques,NA
2017,BLZ,41,76.57,Belize,Amériques,NA
2018,BLZ,47,75.45,Belize,Amériques,NA
2019,BLZ,53,72.5,Belize,Amériques,NA
2020,BLZ,53,72.5,Belize,Amériques,NA
2021,BLZ,53,72.39,Belize,Amériques,NA
2022,BLZ,47,70.67,Belize,Amériques,NA
2013,BRN,122,64.55,Brunei Darussalam,Asie-Pacifique,NA
2014,BRN,117,64.55,Brunei Darussalam,Asie-Pacifique,NA
2015,BRN,121,63.24,Brunei Darussalam,Asie-Pacifique,NA
2016,BRN,155,46.15,Brunei Darussalam,Asie-Pacifique,NA
2017,BRN,156,46.28,Brunei Darussalam,Asie-Pacifique,NA
2018,BRN,153,48.52,Brunei Darussalam,Asie-Pacifique,NA
2019,BRN,152,48.52,Brunei Darussalam,Asie-Pacifique,NA
2020,BRN,152,50.35,Brunei Darussalam,Asie-Pacifique,NA
2021,BRN,154,50.09,Brunei Darussalam,Asie-Pacifique,NA
2022,BRN,144,42.53,Brunei Darussalam,Asie-Pacifique,NA
2013,XKO,85,71.53,Kosovo,UE Balkans,NA
2014,XKO,80,70.71,Kosovo,UE Balkans,NA
2015,XKO,87,69.37,Kosovo,UE Balkans,NA
2016,XKO,90,69.5,Kosovo,UE Balkans,NA
2017,XKO,82,69.55,Kosovo,UE Balkans,NA
2018,XKO,78,70.39,Kosovo,UE Balkans,NA
2019,XKO,75,70.32,Kosovo,UE Balkans,NA
2020,XKO,70,70.67,Kosovo,UE Balkans,NA
2021,XKO,78,69.68,Kosovo,UE Balkans,NA
2022,XKO,61,67,Kosovo,Europe - Asie centrale,NA
2013,LIE,7,92.65,Liechtenstein,UE Balkans,NA
2014,LIE,6,92.98,Liechtenstein,UE Balkans,NA
2015,LIE,27,82.33,Liechtenstein,UE Balkans,NA
2016,LIE,28,81.64,Liechtenstein,UE Balkans,NA
2017,LIE,32,79.69,Liechtenstein,UE Balkans,NA
2018,LIE,30,79.51,Liechtenstein,UE Balkans,NA
2019,LIE,26,79.51,Liechtenstein,UE Balkans,NA
2020,LIE,24,80.48,Liechtenstein,UE Balkans,NA
2021,LIE,23,80.51,Liechtenstein,UE Balkans,NA
2022,LIE,10,84.03,Liechtenstein,Europe - Asie centrale,NA
2013,MDV,103,68.9,Maldives,Asie-Pacifique,NA
2014,MDV,108,66.89,Maldives,Asie-Pacifique,NA
2015,MDV,112,65.68,Maldives,Asie-Pacifique,NA
2016,MDV,112,65.83,Maldives,Asie-Pacifique,NA
2017,MDV,117,60.7,Maldives,Asie-Pacifique,NA
2018,MDV,120,62.05,Maldives,Asie-Pacifique,NA
2019,MDV,98,67.84,Maldives,Asie-Pacifique,NA
2020,MDV,79,70.07,Maldives,Asie-Pacifique,NA
2021,MDV,72,70.87,Maldives,Asie-Pacifique,NA
2022,MDV,87,59.55,Maldives,Asie-Pacifique,NA
2013,XCD,34,80.28,OECS,Amériques,NA
2014,XCD,36,79.19,OECS,Amériques,NA
2015,XCD,37,78.98,OECS,Amériques,NA
2016,XCD,30,81.09,OECS,Amériques,NA
2017,XCD,38,77.9,OECS,Amériques,NA
2018,XCD,35,77.89,OECS,Amériques,NA
2019,XCD,50,73.96,OECS,Amériques,NA
2020,XCD,44,76.22,OECS,Amériques,NA
2021,XCD,45,76.02,OECS,Amériques,NA
2022,XCD,55,68.49,OECS,Amériques,NA
2013,WSM,48,76.16,Samoa,Asie-Pacifique,NA
2014,WSM,40,77.98,Samoa,Asie-Pacifique,NA
2015,WSM,40,77.68,Samoa,Asie-Pacifique,NA
2016,WSM,29,81.2,Samoa,Asie-Pacifique,NA
2017,WSM,21,83.59,Samoa,Asie-Pacifique,NA
2018,WSM,22,83.31,Samoa,Asie-Pacifique,NA
2019,WSM,22,81.75,Samoa,Asie-Pacifique,NA
2020,WSM,21,81.75,Samoa,Asie-Pacifique,NA
2021,WSM,21,80.76,Samoa,Asie-Pacifique,NA
2022,WSM,45,71.39,Samoa,Asie-Pacifique,NA
2013,SYC,93,70.81,Seychelles,Afrique,NA
2014,SYC,103,68.32,Seychelles,Afrique,NA
2015,SYC,96,68.45,Seychelles,Afrique,NA
2016,SYC,92,69.4,Seychelles,Afrique,NA
2017,SYC,87,69.14,Seychelles,Afrique,NA
2018,SYC,85,69.83,Seychelles,Afrique,NA
2019,SYC,69,70.59,Seychelles,Afrique,NA
2020,SYC,63,71.34,Seychelles,Afrique,NA
2021,SYC,52,74.34,Seychelles,Afrique,NA
2022,SYC,13,83.33,Seychelles,Afrique,NA
2013,SOM,175,26.41,Somalia,Afrique,NA
2014,SOM,176,26.81,Somalia,Afrique,NA
2015,SOM,172,27.69,Somalia,Afrique,NA
2016,SOM,167,34.65,Somalia,Afrique,NA
2017,SOM,167,34.05,Somalia,Afrique,NA
2018,SOM,168,36.96,Somalia,Afrique,NA
2019,SOM,164,42.76,Somalia,Afrique,NA
2020,SOM,163,44.55,Somalia,Afrique,NA
2021,SOM,161,44.53,Somalia,Afrique,NA
2022,SOM,140,44.01,Somalia,Afrique,NA
2013,SSD,124,63.8,South Sudan,Afrique,NA
2014,SSD,119,63.95,South Sudan,Afrique,NA
2015,SSD,125,61.96,South Sudan,Afrique,NA
2016,SSD,140,55.13,South Sudan,Afrique,NA
2017,SSD,145,51.84,South Sudan,Afrique,NA
2018,SSD,144,53.12,South Sudan,Afrique,NA
2019,SSD,139,54.35,South Sudan,Afrique,NA
2020,SSD,138,55.51,South Sudan,Afrique,NA
2021,SSD,139,54.22,South Sudan,Afrique,NA
2022,SSD,128,47.06,South Sudan,Afrique,NA
2013,TON,66,73.3,Tonga,Asie-Pacifique,NA
2014,TON,63,73.3,Tonga,Asie-Pacifique,NA
2015,TON,44,76.63,Tonga,Asie-Pacifique,NA
2016,TON,37,78.76,Tonga,Asie-Pacifique,NA
2017,TON,49,75.03,Tonga,Asie-Pacifique,NA
2018,TON,51,74.32,Tonga,Asie-Pacifique,NA
2019,TON,45,74.59,Tonga,Asie-Pacifique,NA
2020,TON,50,72.73,Tonga,Asie-Pacifique,NA
2021,TON,46,75.41,Tonga,Asie-Pacifique,NA
2022,TON,49,69.74,Tonga,Asie-Pacifique,NA
