Entity,Code,Year,pol_part_eiu
Afghanistan,AFG,2006,2.22
Afghanistan,AFG,2008,2.22
Afghanistan,AFG,2010,2.78
Afghanistan,AFG,2011,2.78
Afghanistan,AFG,2012,2.78
Afghanistan,AFG,2013,2.78
Afghanistan,AFG,2014,3.89
Afghanistan,AFG,2015,3.89
Afghanistan,AFG,2016,2.78
Afghanistan,AFG,2017,2.78
Afghanistan,AFG,2018,4.44
Afghanistan,AFG,2019,3.89
Afghanistan,AFG,2020,3.89
Afghanistan,AFG,2021,0
Afghanistan,AFG,2022,0
Albania,ALB,2006,4.44
Albania,ALB,2008,4.44
Albania,ALB,2010,4.44
Albania,ALB,2011,5
Albania,ALB,2012,5
Albania,ALB,2013,5
Albania,ALB,2014,5
Albania,ALB,2015,5.56
Albania,ALB,2016,5.56
Albania,ALB,2017,5.56
Albania,ALB,2018,5.56
Albania,ALB,2019,4.44
Albania,ALB,2020,4.44
Albania,ALB,2021,4.44
Albania,ALB,2022,5
Algeria,DZA,2006,2.22
Algeria,DZA,2008,1.67
Algeria,DZA,2010,2.78
Algeria,DZA,2011,2.78
Algeria,DZA,2012,3.89
Algeria,DZA,2013,3.89
Algeria,DZA,2014,3.89
Algeria,DZA,2015,3.89
Algeria,DZA,2016,3.89
Algeria,DZA,2017,3.89
Algeria,DZA,2018,3.89
Algeria,DZA,2019,5
Algeria,DZA,2020,4.44
Algeria,DZA,2021,4.44
Algeria,DZA,2022,3.89
Angola,AGO,2006,1.11
Angola,AGO,2008,3.89
Angola,AGO,2010,4.44
Angola,AGO,2011,4.44
Angola,AGO,2012,5
Angola,AGO,2013,5
Angola,AGO,2014,5
Angola,AGO,2015,5
Angola,AGO,2016,5.56
Angola,AGO,2017,5.56
Angola,AGO,2018,5.56
Angola,AGO,2019,5.56
Angola,AGO,2020,5.56
Angola,AGO,2021,5
Angola,AGO,2022,4.44
Argentina,ARG,2006,5.56
Argentina,ARG,2008,5.56
Argentina,ARG,2010,5.56
Argentina,ARG,2011,5.56
Argentina,ARG,2012,5.56
Argentina,ARG,2013,5.56
Argentina,ARG,2014,5.56
Argentina,ARG,2015,6.11
Argentina,ARG,2016,6.11
Argentina,ARG,2017,6.11
Argentina,ARG,2018,6.11
Argentina,ARG,2019,6.11
Argentina,ARG,2020,6.67
Argentina,ARG,2021,7.22
Argentina,ARG,2022,7.78
Armenia,ARM,2006,3.89
Armenia,ARM,2008,3.89
Armenia,ARM,2010,3.89
Armenia,ARM,2011,3.89
Armenia,ARM,2012,3.89
Armenia,ARM,2013,3.89
Armenia,ARM,2014,4.44
Armenia,ARM,2015,4.44
Armenia,ARM,2016,4.44
Armenia,ARM,2017,5
Armenia,ARM,2018,5.56
Armenia,ARM,2019,6.11
Armenia,ARM,2020,6.11
Armenia,ARM,2021,6.11
Armenia,ARM,2022,6.11
Australia,AUS,2006,7.779999999999999
Australia,AUS,2008,7.779999999999999
Australia,AUS,2010,7.779999999999999
Australia,AUS,2011,7.779999999999999
Australia,AUS,2012,7.779999999999999
Australia,AUS,2013,7.779999999999999
Australia,AUS,2014,7.779999999999999
Australia,AUS,2015,7.779999999999999
Australia,AUS,2016,7.779999999999999
Australia,AUS,2017,7.779999999999999
Australia,AUS,2018,7.779999999999999
Australia,AUS,2019,7.779999999999999
Australia,AUS,2020,7.779999999999999
Australia,AUS,2021,7.78
Australia,AUS,2022,7.78
Austria,AUT,2006,7.779999999999999
Austria,AUT,2008,7.779999999999999
Austria,AUT,2010,7.779999999999999
Austria,AUT,2011,7.779999999999999
Austria,AUT,2012,7.779999999999999
Austria,AUT,2013,7.779999999999999
Austria,AUT,2014,8.33
Austria,AUT,2015,8.33
Austria,AUT,2016,8.33
Austria,AUT,2017,8.33
Austria,AUT,2018,8.33
Austria,AUT,2019,8.33
Austria,AUT,2020,8.33
Austria,AUT,2021,8.89
Austria,AUT,2022,8.89
Azerbaijan,AZE,2006,3.33
Azerbaijan,AZE,2008,3.33
Azerbaijan,AZE,2010,3.33
Azerbaijan,AZE,2011,3.33
Azerbaijan,AZE,2012,3.33
Azerbaijan,AZE,2013,3.33
Azerbaijan,AZE,2014,3.33
Azerbaijan,AZE,2015,3.33
Azerbaijan,AZE,2016,3.33
Azerbaijan,AZE,2017,3.33
Azerbaijan,AZE,2018,3.33
Azerbaijan,AZE,2019,2.78
Azerbaijan,AZE,2020,3.33
Azerbaijan,AZE,2021,2.78
Azerbaijan,AZE,2022,3.33
Bahrain,BHR,2006,2.78
Bahrain,BHR,2008,2.22
Bahrain,BHR,2010,2.78
Bahrain,BHR,2011,3.33
Bahrain,BHR,2012,2.78
Bahrain,BHR,2013,2.78
Bahrain,BHR,2014,2.78
Bahrain,BHR,2015,2.78
Bahrain,BHR,2016,2.78
Bahrain,BHR,2017,2.78
Bahrain,BHR,2018,2.78
Bahrain,BHR,2019,2.78
Bahrain,BHR,2020,2.78
Bahrain,BHR,2021,3.33
Bahrain,BHR,2022,3.33
Bangladesh,BGD,2006,4.44
Bangladesh,BGD,2008,4.44
Bangladesh,BGD,2010,4.44
Bangladesh,BGD,2011,5
Bangladesh,BGD,2012,5
Bangladesh,BGD,2013,5
Bangladesh,BGD,2014,5
Bangladesh,BGD,2015,5
Bangladesh,BGD,2016,5
Bangladesh,BGD,2017,5
Bangladesh,BGD,2018,5.56
Bangladesh,BGD,2019,6.11
Bangladesh,BGD,2020,6.11
Bangladesh,BGD,2021,5.56
Bangladesh,BGD,2022,5.56
Belarus,BLR,2006,3.33
Belarus,BLR,2008,3.33
Belarus,BLR,2010,3.33
Belarus,BLR,2011,3.89
Belarus,BLR,2012,3.89
Belarus,BLR,2013,3.89
Belarus,BLR,2014,3.89
Belarus,BLR,2015,3.89
Belarus,BLR,2016,3.89
Belarus,BLR,2017,3.89
Belarus,BLR,2018,3.89
Belarus,BLR,2019,2.78
Belarus,BLR,2020,3.89
Belarus,BLR,2021,3.89
Belarus,BLR,2022,3.33
Belgium,BEL,2006,6.67
Belgium,BEL,2008,6.11
Belgium,BEL,2010,5.56
Belgium,BEL,2011,5.56
Belgium,BEL,2012,5.56
Belgium,BEL,2013,5.56
Belgium,BEL,2014,5.56
Belgium,BEL,2015,5.56
Belgium,BEL,2016,5
Belgium,BEL,2017,5
Belgium,BEL,2018,5
Belgium,BEL,2019,5
Belgium,BEL,2020,5
Belgium,BEL,2021,5
Belgium,BEL,2022,5
Benin,BEN,2006,3.89
Benin,BEN,2008,4.44
Benin,BEN,2010,5
Benin,BEN,2011,4.44
Benin,BEN,2012,4.44
Benin,BEN,2013,4.44
Benin,BEN,2014,4.44
Benin,BEN,2015,4.44
Benin,BEN,2016,5
Benin,BEN,2017,5
Benin,BEN,2018,5
Benin,BEN,2019,4.44
Benin,BEN,2020,3.89
Benin,BEN,2021,3.89
Benin,BEN,2022,3.33
Bhutan,BTN,2006,1.11
Bhutan,BTN,2008,3.33
Bhutan,BTN,2010,3.89
Bhutan,BTN,2011,3.33
Bhutan,BTN,2012,3.33
Bhutan,BTN,2013,3.33
Bhutan,BTN,2014,2.78
Bhutan,BTN,2015,2.78
Bhutan,BTN,2016,2.78
Bhutan,BTN,2017,2.78
Bhutan,BTN,2018,2.78
Bhutan,BTN,2019,2.78
Bhutan,BTN,2020,3.33
Bhutan,BTN,2021,3.33
Bhutan,BTN,2022,3.33
Bolivia,BOL,2006,4.44
Bolivia,BOL,2008,5
Bolivia,BOL,2010,5.56
Bolivia,BOL,2011,6.11
Bolivia,BOL,2012,6.11
Bolivia,BOL,2013,5.56
Bolivia,BOL,2014,5.56
Bolivia,BOL,2015,5
Bolivia,BOL,2016,5
Bolivia,BOL,2017,5
Bolivia,BOL,2018,5.56
Bolivia,BOL,2019,5
Bolivia,BOL,2020,6.11
Bolivia,BOL,2021,6.11
Bolivia,BOL,2022,6.67
Bosnia and Herzegovina,BIH,2006,4.44
Bosnia and Herzegovina,BIH,2008,4.44
Bosnia and Herzegovina,BIH,2010,3.33
Bosnia and Herzegovina,BIH,2011,3.33
Bosnia and Herzegovina,BIH,2012,3.33
Bosnia and Herzegovina,BIH,2013,3.33
Bosnia and Herzegovina,BIH,2014,3.33
Bosnia and Herzegovina,BIH,2015,3.89
Bosnia and Herzegovina,BIH,2016,5
Bosnia and Herzegovina,BIH,2017,5
Bosnia and Herzegovina,BIH,2018,5.56
Bosnia and Herzegovina,BIH,2019,5.56
Bosnia and Herzegovina,BIH,2020,5.56
Bosnia and Herzegovina,BIH,2021,5.56
Bosnia and Herzegovina,BIH,2022,5
Botswana,BWA,2006,5
Botswana,BWA,2008,5
Botswana,BWA,2010,5.56
Botswana,BWA,2011,5.56
Botswana,BWA,2012,6.67
Botswana,BWA,2013,6.67
Botswana,BWA,2014,6.11
Botswana,BWA,2015,6.11
Botswana,BWA,2016,6.11
Botswana,BWA,2017,6.11
Botswana,BWA,2018,6.11
Botswana,BWA,2019,6.11
Botswana,BWA,2020,6.11
Botswana,BWA,2021,6.67
Botswana,BWA,2022,6.67
Brazil,BRA,2006,4.44
Brazil,BRA,2008,4.44
Brazil,BRA,2010,5
Brazil,BRA,2011,5
Brazil,BRA,2012,5
Brazil,BRA,2013,5
Brazil,BRA,2014,4.44
Brazil,BRA,2015,5.56
Brazil,BRA,2016,5.56
Brazil,BRA,2017,6.11
Brazil,BRA,2018,6.67
Brazil,BRA,2019,6.11
Brazil,BRA,2020,6.11
Brazil,BRA,2021,6.11
Brazil,BRA,2022,6.67
Bulgaria,BGR,2006,6.67
Bulgaria,BGR,2008,6.11
Bulgaria,BGR,2010,6.11
Bulgaria,BGR,2011,6.11
Bulgaria,BGR,2012,6.11
Bulgaria,BGR,2013,6.67
Bulgaria,BGR,2014,5.56
Bulgaria,BGR,2015,7.220000000000001
Bulgaria,BGR,2016,7.220000000000001
Bulgaria,BGR,2017,7.220000000000001
Bulgaria,BGR,2018,7.220000000000001
Bulgaria,BGR,2019,7.220000000000001
Bulgaria,BGR,2020,7.220000000000001
Bulgaria,BGR,2021,7.22
Bulgaria,BGR,2022,6.11
Burkina Faso,BFA,2006,2.78
Burkina Faso,BFA,2008,2.78
Burkina Faso,BFA,2010,2.22
Burkina Faso,BFA,2011,2.22
Burkina Faso,BFA,2012,2.22
Burkina Faso,BFA,2013,3.33
Burkina Faso,BFA,2014,3.33
Burkina Faso,BFA,2015,4.44
Burkina Faso,BFA,2016,4.44
Burkina Faso,BFA,2017,4.44
Burkina Faso,BFA,2018,4.44
Burkina Faso,BFA,2019,4.44
Burkina Faso,BFA,2020,4.44
Burkina Faso,BFA,2021,5
Burkina Faso,BFA,2022,5
Burundi,BDI,2006,3.89
Burundi,BDI,2008,3.89
Burundi,BDI,2010,3.89
Burundi,BDI,2011,3.89
Burundi,BDI,2012,3.89
Burundi,BDI,2013,3.89
Burundi,BDI,2014,3.89
Burundi,BDI,2015,3.89
Burundi,BDI,2016,3.89
Burundi,BDI,2017,3.89
Burundi,BDI,2018,3.89
Burundi,BDI,2019,3.33
Burundi,BDI,2020,3.33
Burundi,BDI,2021,3.89
Burundi,BDI,2022,3.89
Cambodia,KHM,2006,2.78
Cambodia,KHM,2008,2.78
Cambodia,KHM,2010,2.78
Cambodia,KHM,2011,2.78
Cambodia,KHM,2012,3.33
Cambodia,KHM,2013,2.78
Cambodia,KHM,2014,3.33
Cambodia,KHM,2015,3.33
Cambodia,KHM,2016,3.33
Cambodia,KHM,2017,2.22
Cambodia,KHM,2018,2.78
Cambodia,KHM,2019,3.33
Cambodia,KHM,2020,3.89
Cambodia,KHM,2021,3.89
Cambodia,KHM,2022,5
Cameroon,CMR,2006,2.78
Cameroon,CMR,2008,2.22
Cameroon,CMR,2010,2.78
Cameroon,CMR,2011,2.78
Cameroon,CMR,2012,3.33
Cameroon,CMR,2013,3.89
Cameroon,CMR,2014,3.89
Cameroon,CMR,2015,3.89
Cameroon,CMR,2016,3.89
Cameroon,CMR,2017,3.89
Cameroon,CMR,2018,3.33
Cameroon,CMR,2019,3.33
Cameroon,CMR,2020,3.33
Cameroon,CMR,2021,3.89
Cameroon,CMR,2022,3.89
Canada,CAN,2006,7.779999999999999
Canada,CAN,2008,7.779999999999999
Canada,CAN,2010,7.779999999999999
Canada,CAN,2011,7.779999999999999
Canada,CAN,2012,7.779999999999999
Canada,CAN,2013,7.779999999999999
Canada,CAN,2014,7.779999999999999
Canada,CAN,2015,7.779999999999999
Canada,CAN,2016,7.779999999999999
Canada,CAN,2017,7.779999999999999
Canada,CAN,2018,7.779999999999999
Canada,CAN,2019,7.779999999999999
Canada,CAN,2020,8.89
Canada,CAN,2021,8.89
Canada,CAN,2022,8.89
Cape Verde,CPV,2006,5
Cape Verde,CPV,2008,6.67
Cape Verde,CPV,2010,6.67
Cape Verde,CPV,2011,7.220000000000001
Cape Verde,CPV,2012,7.220000000000001
Cape Verde,CPV,2013,7.220000000000001
Cape Verde,CPV,2014,6.67
Cape Verde,CPV,2015,6.67
Cape Verde,CPV,2016,6.67
Cape Verde,CPV,2017,6.67
Cape Verde,CPV,2018,6.67
Cape Verde,CPV,2019,6.67
Cape Verde,CPV,2020,6.67
Cape Verde,CPV,2021,6.67
Cape Verde,CPV,2022,6.67
Central African Republic,CAF,2006,1.67
Central African Republic,CAF,2008,1.67
Central African Republic,CAF,2010,1.11
Central African Republic,CAF,2011,1.11
Central African Republic,CAF,2012,1.67
Central African Republic,CAF,2013,1.67
Central African Republic,CAF,2014,1.67
Central African Republic,CAF,2015,1.67
Central African Republic,CAF,2016,1.11
Central African Republic,CAF,2017,1.11
Central African Republic,CAF,2018,1.11
Central African Republic,CAF,2019,1.11
Central African Republic,CAF,2020,1.11
Central African Republic,CAF,2021,1.67
Central African Republic,CAF,2022,1.67
Chad,TCD,2006,0
Chad,TCD,2008,0
Chad,TCD,2010,0
Chad,TCD,2011,1.11
Chad,TCD,2012,1.11
Chad,TCD,2013,1.11
Chad,TCD,2014,1.11
Chad,TCD,2015,1.11
Chad,TCD,2016,1.11
Chad,TCD,2017,1.11
Chad,TCD,2018,1.67
Chad,TCD,2019,1.67
Chad,TCD,2020,1.67
Chad,TCD,2021,2.22
Chad,TCD,2022,2.22
Chile,CHL,2006,5
Chile,CHL,2008,5
Chile,CHL,2010,3.89
Chile,CHL,2011,3.89
Chile,CHL,2012,3.89
Chile,CHL,2013,3.89
Chile,CHL,2014,3.89
Chile,CHL,2015,4.44
Chile,CHL,2016,4.44
Chile,CHL,2017,4.44
Chile,CHL,2018,4.44
Chile,CHL,2019,5
Chile,CHL,2020,6.67
Chile,CHL,2021,5.56
Chile,CHL,2022,6.67
China,CHN,2006,2.78
China,CHN,2008,2.78
China,CHN,2010,3.89
China,CHN,2011,3.89
China,CHN,2012,3.89
China,CHN,2013,3.89
China,CHN,2014,3.89
China,CHN,2015,3.33
China,CHN,2016,3.33
China,CHN,2017,2.78
China,CHN,2018,3.89
China,CHN,2019,3.33
China,CHN,2020,2.78
China,CHN,2021,2.78
China,CHN,2022,2.78
Colombia,COL,2006,5
Colombia,COL,2008,5
Colombia,COL,2010,3.89
Colombia,COL,2011,3.89
Colombia,COL,2012,3.89
Colombia,COL,2013,3.89
Colombia,COL,2014,3.89
Colombia,COL,2015,3.89
Colombia,COL,2016,4.44
Colombia,COL,2017,4.44
Colombia,COL,2018,5
Colombia,COL,2019,5.56
Colombia,COL,2020,6.67
Colombia,COL,2021,6.11
Colombia,COL,2022,6.67
Comoros,COM,2006,4.44
Comoros,COM,2008,4.44
Comoros,COM,2010,3.33
Comoros,COM,2011,3.89
Comoros,COM,2012,3.89
Comoros,COM,2013,3.89
Comoros,COM,2014,3.89
Comoros,COM,2015,4.44
Comoros,COM,2016,4.44
Comoros,COM,2017,4.44
Comoros,COM,2018,4.44
Comoros,COM,2019,3.89
Comoros,COM,2020,3.89
Comoros,COM,2021,4.44
Comoros,COM,2022,4.44
Congo,COG,2006,2.22
Congo,COG,2008,3.33
Congo,COG,2010,3.33
Congo,COG,2011,3.33
Congo,COG,2012,3.33
Congo,COG,2013,3.33
Congo,COG,2014,3.33
Congo,COG,2015,3.33
Congo,COG,2016,3.33
Congo,COG,2017,3.89
Congo,COG,2018,3.89
Congo,COG,2019,3.89
Congo,COG,2020,3.89
Congo,COG,2021,4.44
Congo,COG,2022,4.44
Costa Rica,CRI,2006,6.11
Costa Rica,CRI,2008,6.11
Costa Rica,CRI,2010,6.11
Costa Rica,CRI,2011,6.11
Costa Rica,CRI,2012,6.11
Costa Rica,CRI,2013,6.11
Costa Rica,CRI,2014,6.11
Costa Rica,CRI,2015,6.11
Costa Rica,CRI,2016,6.11
Costa Rica,CRI,2017,6.67
Costa Rica,CRI,2018,6.67
Costa Rica,CRI,2019,6.67
Costa Rica,CRI,2020,7.220000000000001
Costa Rica,CRI,2021,7.78
Costa Rica,CRI,2022,7.78
Cote d'Ivoire,CIV,2006,3.33
Cote d'Ivoire,CIV,2008,2.78
Cote d'Ivoire,CIV,2010,2.78
Cote d'Ivoire,CIV,2011,4.44
Cote d'Ivoire,CIV,2012,5
Cote d'Ivoire,CIV,2013,5
Cote d'Ivoire,CIV,2014,5
Cote d'Ivoire,CIV,2015,3.89
Cote d'Ivoire,CIV,2016,3.33
Cote d'Ivoire,CIV,2017,3.33
Cote d'Ivoire,CIV,2018,3.33
Cote d'Ivoire,CIV,2019,3.33
Cote d'Ivoire,CIV,2020,3.89
Cote d'Ivoire,CIV,2021,4.44
Cote d'Ivoire,CIV,2022,4.44
Croatia,HRV,2006,6.11
Croatia,HRV,2008,6.11
Croatia,HRV,2010,5.56
Croatia,HRV,2011,5.56
Croatia,HRV,2012,5.56
Croatia,HRV,2013,5.56
Croatia,HRV,2014,5.56
Croatia,HRV,2015,5.56
Croatia,HRV,2016,5.56
Croatia,HRV,2017,5.56
Croatia,HRV,2018,5.56
Croatia,HRV,2019,5.56
Croatia,HRV,2020,6.11
Croatia,HRV,2021,6.11
Croatia,HRV,2022,6.11
Cuba,CUB,2006,3.89
Cuba,CUB,2008,3.89
Cuba,CUB,2010,3.89
Cuba,CUB,2011,3.89
Cuba,CUB,2012,3.89
Cuba,CUB,2013,3.89
Cuba,CUB,2014,3.89
Cuba,CUB,2015,3.89
Cuba,CUB,2016,3.89
Cuba,CUB,2017,3.89
Cuba,CUB,2018,3.33
Cuba,CUB,2019,3.33
Cuba,CUB,2020,3.33
Cuba,CUB,2021,3.33
Cuba,CUB,2022,3.33
Cyprus,CYP,2006,6.67
Cyprus,CYP,2008,6.67
Cyprus,CYP,2010,6.11
Cyprus,CYP,2011,6.11
Cyprus,CYP,2012,6.11
Cyprus,CYP,2013,6.11
Cyprus,CYP,2014,6.67
Cyprus,CYP,2015,6.67
Cyprus,CYP,2016,6.67
Cyprus,CYP,2017,6.67
Cyprus,CYP,2018,6.67
Cyprus,CYP,2019,6.67
Cyprus,CYP,2020,7.220000000000001
Cyprus,CYP,2021,7.22
Cyprus,CYP,2022,6.67
Czechia,CZE,2006,7.220000000000001
Czechia,CZE,2008,6.67
Czechia,CZE,2010,6.67
Czechia,CZE,2011,6.67
Czechia,CZE,2012,6.67
Czechia,CZE,2013,6.67
Czechia,CZE,2014,6.67
Czechia,CZE,2015,6.67
Czechia,CZE,2016,6.67
Czechia,CZE,2017,6.67
Czechia,CZE,2018,6.67
Czechia,CZE,2019,6.67
Czechia,CZE,2020,6.67
Czechia,CZE,2021,6.67
Czechia,CZE,2022,7.22
Democratic Republic of Congo,COD,2006,2.78
Democratic Republic of Congo,COD,2008,2.22
Democratic Republic of Congo,COD,2010,2.22
Democratic Republic of Congo,COD,2011,2.22
Democratic Republic of Congo,COD,2012,2.22
Democratic Republic of Congo,COD,2013,2.22
Democratic Republic of Congo,COD,2014,2.22
Democratic Republic of Congo,COD,2015,2.78
Democratic Republic of Congo,COD,2016,2.78
Democratic Republic of Congo,COD,2017,2.22
Democratic Republic of Congo,COD,2018,2.22
Democratic Republic of Congo,COD,2019,1.67
Democratic Republic of Congo,COD,2020,1.67
Democratic Republic of Congo,COD,2021,2.22
Democratic Republic of Congo,COD,2022,2.22
Denmark,DNK,2006,8.89
Denmark,DNK,2008,8.89
Denmark,DNK,2010,8.89
Denmark,DNK,2011,8.89
Denmark,DNK,2012,8.89
Denmark,DNK,2013,8.89
Denmark,DNK,2014,8.33
Denmark,DNK,2015,8.33
Denmark,DNK,2016,8.33
Denmark,DNK,2017,8.33
Denmark,DNK,2018,8.33
Denmark,DNK,2019,8.33
Denmark,DNK,2020,8.33
Denmark,DNK,2021,8.33
Denmark,DNK,2022,8.33
Djibouti,DJI,2006,0.56
Djibouti,DJI,2008,0.56
Djibouti,DJI,2010,1.11
Djibouti,DJI,2011,2.22
Djibouti,DJI,2012,2.22
Djibouti,DJI,2013,3.33
Djibouti,DJI,2014,3.33
Djibouti,DJI,2015,3.33
Djibouti,DJI,2016,3.33
Djibouti,DJI,2017,3.33
Djibouti,DJI,2018,3.89
Djibouti,DJI,2019,3.89
Djibouti,DJI,2020,3.89
Djibouti,DJI,2021,4.44
Djibouti,DJI,2022,4.44
Dominican Republic,DOM,2006,3.33
Dominican Republic,DOM,2008,3.33
Dominican Republic,DOM,2010,2.78
Dominican Republic,DOM,2011,2.78
Dominican Republic,DOM,2012,4.44
Dominican Republic,DOM,2013,5
Dominican Republic,DOM,2014,5
Dominican Republic,DOM,2015,5
Dominican Republic,DOM,2016,5
Dominican Republic,DOM,2017,6.11
Dominican Republic,DOM,2018,6.11
Dominican Republic,DOM,2019,6.11
Dominican Republic,DOM,2020,6.11
Dominican Republic,DOM,2021,6.67
Dominican Republic,DOM,2022,7.22
East Timor,TLS,2006,5
East Timor,TLS,2008,5.56
East Timor,TLS,2010,5.56
East Timor,TLS,2011,5.56
East Timor,TLS,2012,5.56
East Timor,TLS,2013,5.56
East Timor,TLS,2014,5.56
East Timor,TLS,2015,5.56
East Timor,TLS,2016,5.56
East Timor,TLS,2017,5.56
East Timor,TLS,2018,5.56
East Timor,TLS,2019,5.56
East Timor,TLS,2020,5.56
East Timor,TLS,2021,5.56
East Timor,TLS,2022,5.56
Ecuador,ECU,2006,5
Ecuador,ECU,2008,5
Ecuador,ECU,2010,5
Ecuador,ECU,2011,5
Ecuador,ECU,2012,5
Ecuador,ECU,2013,5
Ecuador,ECU,2014,5
Ecuador,ECU,2015,5
Ecuador,ECU,2016,5
Ecuador,ECU,2017,5.56
Ecuador,ECU,2018,6.11
Ecuador,ECU,2019,6.11
Ecuador,ECU,2020,6.67
Ecuador,ECU,2021,6.11
Ecuador,ECU,2022,6.67
Egypt,EGY,2006,2.78
Egypt,EGY,2008,4.44
Egypt,EGY,2010,2.78
Egypt,EGY,2011,5
Egypt,EGY,2012,5
Egypt,EGY,2013,5
Egypt,EGY,2014,5
Egypt,EGY,2015,3.33
Egypt,EGY,2016,3.33
Egypt,EGY,2017,3.33
Egypt,EGY,2018,3.33
Egypt,EGY,2019,3.33
Egypt,EGY,2020,3.33
Egypt,EGY,2021,3.33
Egypt,EGY,2022,3.33
El Salvador,SLV,2006,3.89
El Salvador,SLV,2008,3.89
El Salvador,SLV,2010,3.89
El Salvador,SLV,2011,3.89
El Salvador,SLV,2012,3.89
El Salvador,SLV,2013,3.89
El Salvador,SLV,2014,3.89
El Salvador,SLV,2015,4.44
El Salvador,SLV,2016,4.44
El Salvador,SLV,2017,5.56
El Salvador,SLV,2018,5.56
El Salvador,SLV,2019,6.11
El Salvador,SLV,2020,6.11
El Salvador,SLV,2021,5.56
El Salvador,SLV,2022,5.56
Equatorial Guinea,GNQ,2006,1.11
Equatorial Guinea,GNQ,2008,1.67
Equatorial Guinea,GNQ,2010,1.67
Equatorial Guinea,GNQ,2011,2.22
Equatorial Guinea,GNQ,2012,2.22
Equatorial Guinea,GNQ,2013,2.22
Equatorial Guinea,GNQ,2014,1.67
Equatorial Guinea,GNQ,2015,2.22
Equatorial Guinea,GNQ,2016,2.22
Equatorial Guinea,GNQ,2017,2.78
Equatorial Guinea,GNQ,2018,3.33
Equatorial Guinea,GNQ,2019,3.33
Equatorial Guinea,GNQ,2020,3.33
Equatorial Guinea,GNQ,2021,3.33
Equatorial Guinea,GNQ,2022,3.33
Eritrea,ERI,2006,1.11
Eritrea,ERI,2008,1.11
Eritrea,ERI,2010,1.11
Eritrea,ERI,2011,1.11
Eritrea,ERI,2012,1.11
Eritrea,ERI,2013,1.11
Eritrea,ERI,2014,1.67
Eritrea,ERI,2015,1.67
Eritrea,ERI,2016,1.67
Eritrea,ERI,2017,1.67
Eritrea,ERI,2018,1.67
Eritrea,ERI,2019,1.67
Eritrea,ERI,2020,0.56
Eritrea,ERI,2021,0.56
Eritrea,ERI,2022,0.56
Estonia,EST,2006,5
Estonia,EST,2008,5
Estonia,EST,2010,5
Estonia,EST,2011,5
Estonia,EST,2012,5
Estonia,EST,2013,5
Estonia,EST,2014,5.56
Estonia,EST,2015,6.11
Estonia,EST,2016,6.11
Estonia,EST,2017,6.11
Estonia,EST,2018,6.67
Estonia,EST,2019,6.67
Estonia,EST,2020,6.67
Estonia,EST,2021,6.67
Estonia,EST,2022,6.67
Eswatini,SWZ,2006,2.22
Eswatini,SWZ,2008,2.22
Eswatini,SWZ,2010,2.22
Eswatini,SWZ,2011,2.78
Eswatini,SWZ,2012,2.78
Eswatini,SWZ,2013,2.78
Eswatini,SWZ,2014,2.22
Eswatini,SWZ,2015,2.22
Eswatini,SWZ,2016,2.22
Eswatini,SWZ,2017,2.22
Eswatini,SWZ,2018,2.22
Eswatini,SWZ,2019,2.78
Eswatini,SWZ,2020,2.78
Eswatini,SWZ,2021,2.78
Eswatini,SWZ,2022,2.78
Ethiopia,ETH,2006,5
Ethiopia,ETH,2008,5
Ethiopia,ETH,2010,4.44
Ethiopia,ETH,2011,5
Ethiopia,ETH,2012,5
Ethiopia,ETH,2013,5.56
Ethiopia,ETH,2014,5.56
Ethiopia,ETH,2015,6.11
Ethiopia,ETH,2016,5.56
Ethiopia,ETH,2017,5.56
Ethiopia,ETH,2018,5.56
Ethiopia,ETH,2019,5.56
Ethiopia,ETH,2020,5.56
Ethiopia,ETH,2021,6.11
Ethiopia,ETH,2022,6.11
Fiji,FJI,2006,3.33
Fiji,FJI,2008,3.33
Fiji,FJI,2010,3.33
Fiji,FJI,2011,3.89
Fiji,FJI,2012,3.89
Fiji,FJI,2013,3.89
Fiji,FJI,2014,6.67
Fiji,FJI,2015,6.67
Fiji,FJI,2016,6.67
Fiji,FJI,2017,6.11
Fiji,FJI,2018,6.11
Fiji,FJI,2019,6.11
Fiji,FJI,2020,6.11
Fiji,FJI,2021,5.56
Fiji,FJI,2022,5.56
Finland,FIN,2006,7.779999999999999
Finland,FIN,2008,7.779999999999999
Finland,FIN,2010,7.220000000000001
Finland,FIN,2011,7.220000000000001
Finland,FIN,2012,7.220000000000001
Finland,FIN,2013,7.779999999999999
Finland,FIN,2014,7.779999999999999
Finland,FIN,2015,7.779999999999999
Finland,FIN,2016,7.779999999999999
Finland,FIN,2017,7.779999999999999
Finland,FIN,2018,8.33
Finland,FIN,2019,8.89
Finland,FIN,2020,8.89
Finland,FIN,2021,8.89
Finland,FIN,2022,8.33
France,FRA,2006,6.67
France,FRA,2008,6.67
France,FRA,2010,6.11
France,FRA,2011,6.11
France,FRA,2012,6.67
France,FRA,2013,7.220000000000001
France,FRA,2014,7.779999999999999
France,FRA,2015,7.779999999999999
France,FRA,2016,7.779999999999999
France,FRA,2017,7.779999999999999
France,FRA,2018,7.779999999999999
France,FRA,2019,7.779999999999999
France,FRA,2020,7.779999999999999
France,FRA,2021,7.78
France,FRA,2022,7.78
Gabon,GAB,2006,2.22
Gabon,GAB,2008,3.33
Gabon,GAB,2010,3.89
Gabon,GAB,2011,3.89
Gabon,GAB,2012,3.89
Gabon,GAB,2013,4.44
Gabon,GAB,2014,4.44
Gabon,GAB,2015,4.44
Gabon,GAB,2016,4.44
Gabon,GAB,2017,4.44
Gabon,GAB,2018,4.44
Gabon,GAB,2019,4.44
Gabon,GAB,2020,4.44
Gabon,GAB,2021,4.44
Gabon,GAB,2022,4.44
Gambia,GMB,2006,4.44
Gambia,GMB,2008,4.44
Gambia,GMB,2010,2.22
Gambia,GMB,2011,2.22
Gambia,GMB,2012,2.22
Gambia,GMB,2013,2.22
Gambia,GMB,2014,2.22
Gambia,GMB,2015,2.22
Gambia,GMB,2016,2.22
Gambia,GMB,2017,3.33
Gambia,GMB,2018,3.33
Gambia,GMB,2019,3.33
Gambia,GMB,2020,4.44
Gambia,GMB,2021,4.44
Gambia,GMB,2022,3.89
Georgia,GEO,2006,3.33
Georgia,GEO,2008,4.44
Georgia,GEO,2010,3.89
Georgia,GEO,2011,4.44
Georgia,GEO,2012,5
Georgia,GEO,2013,5.56
Georgia,GEO,2014,5.56
Georgia,GEO,2015,5.56
Georgia,GEO,2016,6.11
Georgia,GEO,2017,6.11
Georgia,GEO,2018,6.11
Georgia,GEO,2019,6.11
Georgia,GEO,2020,6.11
Georgia,GEO,2021,5.56
Georgia,GEO,2022,6.11
Germany,DEU,2006,7.779999999999999
Germany,DEU,2008,7.779999999999999
Germany,DEU,2010,7.220000000000001
Germany,DEU,2011,6.67
Germany,DEU,2012,6.67
Germany,DEU,2013,7.220000000000001
Germany,DEU,2014,7.779999999999999
Germany,DEU,2015,7.779999999999999
Germany,DEU,2016,7.779999999999999
Germany,DEU,2017,8.33
Germany,DEU,2018,8.33
Germany,DEU,2019,8.33
Germany,DEU,2020,8.33
Germany,DEU,2021,8.33
Germany,DEU,2022,8.33
Ghana,GHA,2006,4.44
Ghana,GHA,2008,4.44
Ghana,GHA,2010,5
Ghana,GHA,2011,5
Ghana,GHA,2012,5
Ghana,GHA,2013,5.56
Ghana,GHA,2014,5.56
Ghana,GHA,2015,6.67
Ghana,GHA,2016,6.11
Ghana,GHA,2017,6.67
Ghana,GHA,2018,6.67
Ghana,GHA,2019,6.67
Ghana,GHA,2020,6.67
Ghana,GHA,2021,6.67
Ghana,GHA,2022,6.67
Greece,GRC,2006,6.67
Greece,GRC,2008,6.67
Greece,GRC,2010,6.67
Greece,GRC,2011,6.67
Greece,GRC,2012,6.67
Greece,GRC,2013,6.67
Greece,GRC,2014,6.67
Greece,GRC,2015,6.67
Greece,GRC,2016,6.11
Greece,GRC,2017,6.11
Greece,GRC,2018,6.11
Greece,GRC,2019,6.67
Greece,GRC,2020,6.11
Greece,GRC,2021,6.11
Greece,GRC,2022,6.67
Guatemala,GTM,2006,2.78
Guatemala,GTM,2008,2.78
Guatemala,GTM,2010,3.33
Guatemala,GTM,2011,3.33
Guatemala,GTM,2012,3.33
Guatemala,GTM,2013,3.33
Guatemala,GTM,2014,3.33
Guatemala,GTM,2015,3.89
Guatemala,GTM,2016,3.89
Guatemala,GTM,2017,3.89
Guatemala,GTM,2018,3.89
Guatemala,GTM,2019,3.89
Guatemala,GTM,2020,5
Guatemala,GTM,2021,3.89
Guatemala,GTM,2022,3.89
Guinea,GIN,2006,2.22
Guinea,GIN,2008,3.33
Guinea,GIN,2010,3.33
Guinea,GIN,2011,3.33
Guinea,GIN,2012,3.33
Guinea,GIN,2013,3.89
Guinea,GIN,2014,4.44
Guinea,GIN,2015,4.44
Guinea,GIN,2016,4.44
Guinea,GIN,2017,4.44
Guinea,GIN,2018,4.44
Guinea,GIN,2019,4.44
Guinea,GIN,2020,4.44
Guinea,GIN,2021,3.33
Guinea,GIN,2022,3.33
Guinea-Bissau,GNB,2006,3.33
Guinea-Bissau,GNB,2008,2.78
Guinea-Bissau,GNB,2010,2.78
Guinea-Bissau,GNB,2011,2.78
Guinea-Bissau,GNB,2012,2.22
Guinea-Bissau,GNB,2013,1.67
Guinea-Bissau,GNB,2014,2.78
Guinea-Bissau,GNB,2015,2.78
Guinea-Bissau,GNB,2016,2.78
Guinea-Bissau,GNB,2017,2.78
Guinea-Bissau,GNB,2018,2.78
Guinea-Bissau,GNB,2019,2.78
Guinea-Bissau,GNB,2020,2.78
Guinea-Bissau,GNB,2021,3.33
Guinea-Bissau,GNB,2022,3.33
Guyana,GUY,2006,4.44
Guyana,GUY,2008,4.44
Guyana,GUY,2010,5.56
Guyana,GUY,2011,5.56
Guyana,GUY,2012,5.56
Guyana,GUY,2013,5.56
Guyana,GUY,2014,5.56
Guyana,GUY,2015,5.56
Guyana,GUY,2016,6.11
Guyana,GUY,2017,6.11
Guyana,GUY,2018,6.11
Guyana,GUY,2019,6.11
Guyana,GUY,2020,6.11
Guyana,GUY,2021,5.56
Guyana,GUY,2022,6.67
Haiti,HTI,2006,2.78
Haiti,HTI,2008,2.78
Haiti,HTI,2010,2.78
Haiti,HTI,2011,2.78
Haiti,HTI,2012,2.22
Haiti,HTI,2013,2.22
Haiti,HTI,2014,2.22
Haiti,HTI,2015,2.22
Haiti,HTI,2016,2.22
Haiti,HTI,2017,2.22
Haiti,HTI,2018,3.89
Haiti,HTI,2019,3.89
Haiti,HTI,2020,2.78
Haiti,HTI,2021,2.78
Haiti,HTI,2022,2.78
Honduras,HND,2006,4.44
Honduras,HND,2008,4.44
Honduras,HND,2010,4.44
Honduras,HND,2011,3.89
Honduras,HND,2012,3.89
Honduras,HND,2013,3.89
Honduras,HND,2014,3.89
Honduras,HND,2015,3.89
Honduras,HND,2016,3.89
Honduras,HND,2017,4.44
Honduras,HND,2018,4.44
Honduras,HND,2019,4.44
Honduras,HND,2020,4.44
Honduras,HND,2021,4.44
Honduras,HND,2022,5
Hong Kong,HKG,2006,5
Hong Kong,HKG,2008,5
Hong Kong,HKG,2010,4.44
Hong Kong,HKG,2011,4.44
Hong Kong,HKG,2012,5
Hong Kong,HKG,2013,5
Hong Kong,HKG,2014,5.56
Hong Kong,HKG,2015,5.56
Hong Kong,HKG,2016,5.56
Hong Kong,HKG,2017,5.56
Hong Kong,HKG,2018,5.56
Hong Kong,HKG,2019,6.11
Hong Kong,HKG,2020,5
Hong Kong,HKG,2021,5.56
Hong Kong,HKG,2022,5.56
Hungary,HUN,2006,5
Hungary,HUN,2008,5.56
Hungary,HUN,2010,5
Hungary,HUN,2011,4.44
Hungary,HUN,2012,4.44
Hungary,HUN,2013,4.44
Hungary,HUN,2014,4.44
Hungary,HUN,2015,4.44
Hungary,HUN,2016,4.44
Hungary,HUN,2017,4.44
Hungary,HUN,2018,5
Hungary,HUN,2019,5
Hungary,HUN,2020,5
Hungary,HUN,2021,5
Hungary,HUN,2022,4.44
Iceland,ISL,2006,8.89
Iceland,ISL,2008,8.89
Iceland,ISL,2010,8.89
Iceland,ISL,2011,8.89
Iceland,ISL,2012,8.89
Iceland,ISL,2013,8.89
Iceland,ISL,2014,8.89
Iceland,ISL,2015,8.89
Iceland,ISL,2016,8.89
Iceland,ISL,2017,8.89
Iceland,ISL,2018,8.89
Iceland,ISL,2019,8.89
Iceland,ISL,2020,8.89
Iceland,ISL,2021,8.89
Iceland,ISL,2022,8.89
India,IND,2006,5.56
India,IND,2008,5.56
India,IND,2010,4.44
India,IND,2011,5
India,IND,2012,6.11
India,IND,2013,6.67
India,IND,2014,7.220000000000001
India,IND,2015,7.220000000000001
India,IND,2016,7.220000000000001
India,IND,2017,7.220000000000001
India,IND,2018,7.220000000000001
India,IND,2019,6.67
India,IND,2020,6.67
India,IND,2021,7.22
India,IND,2022,7.22
Indonesia,IDN,2006,5
Indonesia,IDN,2008,5
Indonesia,IDN,2010,5.56
Indonesia,IDN,2011,5.56
Indonesia,IDN,2012,6.11
Indonesia,IDN,2013,6.67
Indonesia,IDN,2014,6.67
Indonesia,IDN,2015,6.67
Indonesia,IDN,2016,6.67
Indonesia,IDN,2017,6.67
Indonesia,IDN,2018,6.67
Indonesia,IDN,2019,6.11
Indonesia,IDN,2020,6.11
Indonesia,IDN,2021,7.22
Indonesia,IDN,2022,7.22
Iran,IRN,2006,3.89
Iran,IRN,2008,3.33
Iran,IRN,2010,2.22
Iran,IRN,2011,2.78
Iran,IRN,2012,2.78
Iran,IRN,2013,2.78
Iran,IRN,2014,2.78
Iran,IRN,2015,3.33
Iran,IRN,2016,3.89
Iran,IRN,2017,4.44
Iran,IRN,2018,4.44
Iran,IRN,2019,4.44
Iran,IRN,2020,3.89
Iran,IRN,2021,3.89
Iran,IRN,2022,3.33
Iraq,IRQ,2006,5.56
Iraq,IRQ,2008,6.67
Iraq,IRQ,2010,6.11
Iraq,IRQ,2011,7.220000000000001
Iraq,IRQ,2012,7.220000000000001
Iraq,IRQ,2013,7.220000000000001
Iraq,IRQ,2014,7.220000000000001
Iraq,IRQ,2015,7.220000000000001
Iraq,IRQ,2016,7.220000000000001
Iraq,IRQ,2017,7.220000000000001
Iraq,IRQ,2018,6.67
Iraq,IRQ,2019,6.67
Iraq,IRQ,2020,6.67
Iraq,IRQ,2021,6.11
Iraq,IRQ,2022,6.11
Ireland,IRL,2006,7.779999999999999
Ireland,IRL,2008,7.779999999999999
Ireland,IRL,2010,7.779999999999999
Ireland,IRL,2011,7.220000000000001
Ireland,IRL,2012,7.220000000000001
Ireland,IRL,2013,7.220000000000001
Ireland,IRL,2014,7.779999999999999
Ireland,IRL,2015,7.779999999999999
Ireland,IRL,2016,8.33
Ireland,IRL,2017,8.33
Ireland,IRL,2018,8.33
Ireland,IRL,2019,8.33
Ireland,IRL,2020,8.33
Ireland,IRL,2021,8.33
Ireland,IRL,2022,8.33
Israel,ISR,2006,7.779999999999999
Israel,ISR,2008,8.33
Israel,ISR,2010,8.33
Israel,ISR,2011,8.33
Israel,ISR,2012,8.33
Israel,ISR,2013,8.33
Israel,ISR,2014,8.89
Israel,ISR,2015,8.89
Israel,ISR,2016,8.89
Israel,ISR,2017,8.89
Israel,ISR,2018,8.89
Israel,ISR,2019,8.89
Israel,ISR,2020,9.44
Israel,ISR,2021,10
Israel,ISR,2022,9.44
Italy,ITA,2006,6.11
Italy,ITA,2008,6.67
Italy,ITA,2010,6.11
Italy,ITA,2011,6.67
Italy,ITA,2012,6.67
Italy,ITA,2013,7.220000000000001
Italy,ITA,2014,7.220000000000001
Italy,ITA,2015,7.220000000000001
Italy,ITA,2016,7.220000000000001
Italy,ITA,2017,7.220000000000001
Italy,ITA,2018,7.779999999999999
Italy,ITA,2019,7.779999999999999
Italy,ITA,2020,7.220000000000001
Italy,ITA,2021,7.22
Italy,ITA,2022,7.22
Jamaica,JAM,2006,5
Jamaica,JAM,2008,5
Jamaica,JAM,2010,5
Jamaica,JAM,2011,5
Jamaica,JAM,2012,5
Jamaica,JAM,2013,5
Jamaica,JAM,2014,5
Jamaica,JAM,2015,5
Jamaica,JAM,2016,5
Jamaica,JAM,2017,4.44
Jamaica,JAM,2018,4.44
Jamaica,JAM,2019,4.44
Jamaica,JAM,2020,5
Jamaica,JAM,2021,5
Jamaica,JAM,2022,5
Japan,JPN,2006,5.56
Japan,JPN,2008,6.11
Japan,JPN,2010,6.11
Japan,JPN,2011,6.11
Japan,JPN,2012,6.11
Japan,JPN,2013,6.11
Japan,JPN,2014,6.11
Japan,JPN,2015,6.11
Japan,JPN,2016,6.67
Japan,JPN,2017,6.11
Japan,JPN,2018,6.67
Japan,JPN,2019,6.67
Japan,JPN,2020,6.67
Japan,JPN,2021,6.67
Japan,JPN,2022,6.67
Jordan,JOR,2006,3.89
Jordan,JOR,2008,4.44
Jordan,JOR,2010,3.33
Jordan,JOR,2011,4.44
Jordan,JOR,2012,4.44
Jordan,JOR,2013,4.44
Jordan,JOR,2014,4.44
Jordan,JOR,2015,3.89
Jordan,JOR,2016,3.89
Jordan,JOR,2017,3.89
Jordan,JOR,2018,3.89
Jordan,JOR,2019,3.89
Jordan,JOR,2020,3.89
Jordan,JOR,2021,3.89
Jordan,JOR,2022,3.89
Kazakhstan,KAZ,2006,3.33
Kazakhstan,KAZ,2008,2.78
Kazakhstan,KAZ,2010,3.33
Kazakhstan,KAZ,2011,3.33
Kazakhstan,KAZ,2012,3.33
Kazakhstan,KAZ,2013,3.89
Kazakhstan,KAZ,2014,4.44
Kazakhstan,KAZ,2015,4.44
Kazakhstan,KAZ,2016,4.44
Kazakhstan,KAZ,2017,4.44
Kazakhstan,KAZ,2018,4.44
Kazakhstan,KAZ,2019,4.44
Kazakhstan,KAZ,2020,5
Kazakhstan,KAZ,2021,5
Kazakhstan,KAZ,2022,5
Kenya,KEN,2006,5.56
Kenya,KEN,2008,5.56
Kenya,KEN,2010,4.44
Kenya,KEN,2011,4.44
Kenya,KEN,2012,4.44
Kenya,KEN,2013,6.11
Kenya,KEN,2014,6.11
Kenya,KEN,2015,6.67
Kenya,KEN,2016,6.67
Kenya,KEN,2017,6.67
Kenya,KEN,2018,6.67
Kenya,KEN,2019,6.67
Kenya,KEN,2020,6.67
Kenya,KEN,2021,6.67
Kenya,KEN,2022,6.67
Kuwait,KWT,2006,1.11
Kuwait,KWT,2008,2.78
Kuwait,KWT,2010,3.33
Kuwait,KWT,2011,3.33
Kuwait,KWT,2012,3.89
Kuwait,KWT,2013,3.89
Kuwait,KWT,2014,3.89
Kuwait,KWT,2015,3.89
Kuwait,KWT,2016,3.89
Kuwait,KWT,2017,3.89
Kuwait,KWT,2018,3.89
Kuwait,KWT,2019,3.89
Kuwait,KWT,2020,3.89
Kuwait,KWT,2021,4.44
Kuwait,KWT,2022,4.44
Kyrgyzstan,KGZ,2006,2.78
Kyrgyzstan,KGZ,2008,3.89
Kyrgyzstan,KGZ,2010,5
Kyrgyzstan,KGZ,2011,4.44
Kyrgyzstan,KGZ,2012,5
Kyrgyzstan,KGZ,2013,5
Kyrgyzstan,KGZ,2014,6.67
Kyrgyzstan,KGZ,2015,5.56
Kyrgyzstan,KGZ,2016,5.56
Kyrgyzstan,KGZ,2017,6.67
Kyrgyzstan,KGZ,2018,6.67
Kyrgyzstan,KGZ,2019,6.67
Kyrgyzstan,KGZ,2020,5.56
Kyrgyzstan,KGZ,2021,4.44
Kyrgyzstan,KGZ,2022,4.44
Laos,LAO,2006,1.11
Laos,LAO,2008,1.11
Laos,LAO,2010,1.11
Laos,LAO,2011,1.11
Laos,LAO,2012,2.22
Laos,LAO,2013,1.67
Laos,LAO,2014,1.67
Laos,LAO,2015,1.67
Laos,LAO,2016,1.67
Laos,LAO,2017,1.67
Laos,LAO,2018,1.67
Laos,LAO,2019,1.67
Laos,LAO,2020,1.67
Laos,LAO,2021,1.67
Laos,LAO,2022,1.67
Latvia,LVA,2006,6.11
Latvia,LVA,2008,6.11
Latvia,LVA,2010,5.56
Latvia,LVA,2011,5.56
Latvia,LVA,2012,5.56
Latvia,LVA,2013,5.56
Latvia,LVA,2014,6.11
Latvia,LVA,2015,5.56
Latvia,LVA,2016,5.56
Latvia,LVA,2017,5.56
Latvia,LVA,2018,5.56
Latvia,LVA,2019,6.11
Latvia,LVA,2020,6.67
Latvia,LVA,2021,6.11
Latvia,LVA,2022,6.11
Lebanon,LBN,2006,6.11
Lebanon,LBN,2008,6.11
Lebanon,LBN,2010,6.67
Lebanon,LBN,2011,7.220000000000001
Lebanon,LBN,2012,7.220000000000001
Lebanon,LBN,2013,7.220000000000001
Lebanon,LBN,2014,7.220000000000001
Lebanon,LBN,2015,7.779999999999999
Lebanon,LBN,2016,7.779999999999999
Lebanon,LBN,2017,7.220000000000001
Lebanon,LBN,2018,6.67
Lebanon,LBN,2019,6.67
Lebanon,LBN,2020,6.67
Lebanon,LBN,2021,6.67
Lebanon,LBN,2022,6.67
Lesotho,LSO,2006,4.44
Lesotho,LSO,2008,5.56
Lesotho,LSO,2010,6.11
Lesotho,LSO,2011,6.11
Lesotho,LSO,2012,6.67
Lesotho,LSO,2013,6.67
Lesotho,LSO,2014,6.67
Lesotho,LSO,2015,6.67
Lesotho,LSO,2016,6.67
Lesotho,LSO,2017,6.67
Lesotho,LSO,2018,6.67
Lesotho,LSO,2019,6.67
Lesotho,LSO,2020,6.11
Lesotho,LSO,2021,6.11
Lesotho,LSO,2022,5.56
Liberia,LBR,2006,5
Liberia,LBR,2008,6.11
Liberia,LBR,2010,5.56
Liberia,LBR,2011,5.56
Liberia,LBR,2012,5.56
Liberia,LBR,2013,5.56
Liberia,LBR,2014,5.56
Liberia,LBR,2015,5.56
Liberia,LBR,2016,5.56
Liberia,LBR,2017,5.56
Liberia,LBR,2018,5.56
Liberia,LBR,2019,5.56
Liberia,LBR,2020,5.56
Liberia,LBR,2021,6.11
Liberia,LBR,2022,6.11
Libya,LBY,2006,1.11
Libya,LBY,2008,1.11
Libya,LBY,2010,1.11
Libya,LBY,2011,3.33
Libya,LBY,2012,3.89
Libya,LBY,2013,3.89
Libya,LBY,2014,3.33
Libya,LBY,2015,1.67
Libya,LBY,2016,1.67
Libya,LBY,2017,1.67
Libya,LBY,2018,1.67
Libya,LBY,2019,2.78
Libya,LBY,2020,3.33
Libya,LBY,2021,3.33
Libya,LBY,2022,3.89
Lithuania,LTU,2006,6.67
Lithuania,LTU,2008,6.11
Lithuania,LTU,2010,5.56
Lithuania,LTU,2011,5.56
Lithuania,LTU,2012,5.56
Lithuania,LTU,2013,6.11
Lithuania,LTU,2014,6.11
Lithuania,LTU,2015,6.11
Lithuania,LTU,2016,6.11
Lithuania,LTU,2017,6.11
Lithuania,LTU,2018,6.11
Lithuania,LTU,2019,6.11
Lithuania,LTU,2020,5.56
Lithuania,LTU,2021,6.11
Lithuania,LTU,2022,6.11
Luxembourg,LUX,2006,7.779999999999999
Luxembourg,LUX,2008,7.779999999999999
Luxembourg,LUX,2010,6.67
Luxembourg,LUX,2011,6.67
Luxembourg,LUX,2012,6.67
Luxembourg,LUX,2013,6.67
Luxembourg,LUX,2014,6.67
Luxembourg,LUX,2015,6.67
Luxembourg,LUX,2016,6.67
Luxembourg,LUX,2017,6.67
Luxembourg,LUX,2018,6.67
Luxembourg,LUX,2019,6.67
Luxembourg,LUX,2020,6.67
Luxembourg,LUX,2021,6.67
Luxembourg,LUX,2022,6.67
Madagascar,MDG,2006,5.56
Madagascar,MDG,2008,5.56
Madagascar,MDG,2010,4.44
Madagascar,MDG,2011,5
Madagascar,MDG,2012,5
Madagascar,MDG,2013,5
Madagascar,MDG,2014,5
Madagascar,MDG,2015,5.56
Madagascar,MDG,2016,5.56
Madagascar,MDG,2017,5.56
Madagascar,MDG,2018,6.11
Madagascar,MDG,2019,6.11
Madagascar,MDG,2020,6.67
Madagascar,MDG,2021,6.67
Madagascar,MDG,2022,6.67
Malawi,MWI,2006,3.89
Malawi,MWI,2008,3.33
Malawi,MWI,2010,5
Malawi,MWI,2011,5.56
Malawi,MWI,2012,5.56
Malawi,MWI,2013,5.56
Malawi,MWI,2014,5
Malawi,MWI,2015,4.44
Malawi,MWI,2016,4.44
Malawi,MWI,2017,4.44
Malawi,MWI,2018,4.44
Malawi,MWI,2019,5
Malawi,MWI,2020,5
Malawi,MWI,2021,5
Malawi,MWI,2022,5.56
Malaysia,MYS,2006,4.44
Malaysia,MYS,2008,5.56
Malaysia,MYS,2010,5.56
Malaysia,MYS,2011,5.56
Malaysia,MYS,2012,5.56
Malaysia,MYS,2013,5.56
Malaysia,MYS,2014,5.56
Malaysia,MYS,2015,5.56
Malaysia,MYS,2016,6.11
Malaysia,MYS,2017,6.11
Malaysia,MYS,2018,6.67
Malaysia,MYS,2019,6.67
Malaysia,MYS,2020,6.67
Malaysia,MYS,2021,7.22
Malaysia,MYS,2022,7.22
Mali,MLI,2006,3.89
Mali,MLI,2008,3.89
Mali,MLI,2010,3.89
Mali,MLI,2011,4.44
Mali,MLI,2012,5
Mali,MLI,2013,5
Mali,MLI,2014,4.44
Mali,MLI,2015,4.44
Mali,MLI,2016,4.44
Mali,MLI,2017,4.44
Mali,MLI,2018,3.89
Mali,MLI,2019,3.89
Mali,MLI,2020,4.44
Mali,MLI,2021,5.56
Mali,MLI,2022,5.56
Malta,MLT,2006,6.11
Malta,MLT,2008,6.11
Malta,MLT,2010,5.56
Malta,MLT,2011,5.56
Malta,MLT,2012,5.56
Malta,MLT,2013,5.56
Malta,MLT,2014,6.11
Malta,MLT,2015,6.11
Malta,MLT,2016,6.11
Malta,MLT,2017,6.11
Malta,MLT,2018,6.11
Malta,MLT,2019,6.11
Malta,MLT,2020,6.11
Malta,MLT,2021,5.56
Malta,MLT,2022,5.56
Mauritania,MRT,2006,2.22
Mauritania,MRT,2008,4.44
Mauritania,MRT,2010,3.89
Mauritania,MRT,2011,5
Mauritania,MRT,2012,5
Mauritania,MRT,2013,5
Mauritania,MRT,2014,5
Mauritania,MRT,2015,5
Mauritania,MRT,2016,5
Mauritania,MRT,2017,5
Mauritania,MRT,2018,5
Mauritania,MRT,2019,5
Mauritania,MRT,2020,5
Mauritania,MRT,2021,5.56
Mauritania,MRT,2022,5.56
Mauritius,MUS,2006,5
Mauritius,MUS,2008,5
Mauritius,MUS,2010,5
Mauritius,MUS,2011,5
Mauritius,MUS,2012,5
Mauritius,MUS,2013,5
Mauritius,MUS,2014,5
Mauritius,MUS,2015,5.56
Mauritius,MUS,2016,5.56
Mauritius,MUS,2017,5.56
Mauritius,MUS,2018,5.56
Mauritius,MUS,2019,5.56
Mauritius,MUS,2020,6.11
Mauritius,MUS,2021,6.11
Mauritius,MUS,2022,6.11
Mexico,MEX,2006,5
Mexico,MEX,2008,5
Mexico,MEX,2010,6.11
Mexico,MEX,2011,6.11
Mexico,MEX,2012,6.67
Mexico,MEX,2013,6.67
Mexico,MEX,2014,6.67
Mexico,MEX,2015,7.220000000000001
Mexico,MEX,2016,7.220000000000001
Mexico,MEX,2017,7.220000000000001
Mexico,MEX,2018,7.220000000000001
Mexico,MEX,2019,7.220000000000001
Mexico,MEX,2020,7.779999999999999
Mexico,MEX,2021,7.22
Mexico,MEX,2022,7.22
Moldova,MDA,2006,6.11
Moldova,MDA,2008,6.11
Moldova,MDA,2010,6.11
Moldova,MDA,2011,5.56
Moldova,MDA,2012,5.56
Moldova,MDA,2013,5.56
Moldova,MDA,2014,5.56
Moldova,MDA,2015,6.67
Moldova,MDA,2016,6.11
Moldova,MDA,2017,6.11
Moldova,MDA,2018,6.11
Moldova,MDA,2019,6.11
Moldova,MDA,2020,6.11
Moldova,MDA,2021,6.67
Moldova,MDA,2022,7.22
Mongolia,MNG,2006,3.89
Mongolia,MNG,2008,3.89
Mongolia,MNG,2010,3.89
Mongolia,MNG,2011,3.89
Mongolia,MNG,2012,4.44
Mongolia,MNG,2013,4.44
Mongolia,MNG,2014,5
Mongolia,MNG,2015,5
Mongolia,MNG,2016,5
Mongolia,MNG,2017,5.56
Mongolia,MNG,2018,5.56
Mongolia,MNG,2019,5.56
Mongolia,MNG,2020,5.56
Mongolia,MNG,2021,6.11
Mongolia,MNG,2022,6.11
Montenegro,MNE,2006,5
Montenegro,MNE,2008,5
Montenegro,MNE,2010,5.56
Montenegro,MNE,2011,5.56
Montenegro,MNE,2012,5.56
Montenegro,MNE,2013,5
Montenegro,MNE,2014,5
Montenegro,MNE,2015,5
Montenegro,MNE,2016,5
Montenegro,MNE,2017,5.56
Montenegro,MNE,2018,6.11
Montenegro,MNE,2019,6.11
Montenegro,MNE,2020,6.11
Montenegro,MNE,2021,6.67
Montenegro,MNE,2022,7.22
Morocco,MAR,2006,2.78
Morocco,MAR,2008,2.22
Morocco,MAR,2010,1.67
Morocco,MAR,2011,2.22
Morocco,MAR,2012,2.78
Morocco,MAR,2013,2.78
Morocco,MAR,2014,2.78
Morocco,MAR,2015,3.89
Morocco,MAR,2016,4.44
Morocco,MAR,2017,4.44
Morocco,MAR,2018,5
Morocco,MAR,2019,5.56
Morocco,MAR,2020,5.56
Morocco,MAR,2021,5.56
Morocco,MAR,2022,5.56
Mozambique,MOZ,2006,4.44
Mozambique,MOZ,2008,5.56
Mozambique,MOZ,2010,5.56
Mozambique,MOZ,2011,5.56
Mozambique,MOZ,2012,5.56
Mozambique,MOZ,2013,6.11
Mozambique,MOZ,2014,5.56
Mozambique,MOZ,2015,5.56
Mozambique,MOZ,2016,5
Mozambique,MOZ,2017,5
Mozambique,MOZ,2018,5
Mozambique,MOZ,2019,5
Mozambique,MOZ,2020,5
Mozambique,MOZ,2021,5
Mozambique,MOZ,2022,5
Myanmar,MMR,2006,0.56
Myanmar,MMR,2008,0.56
Myanmar,MMR,2010,0.56
Myanmar,MMR,2011,0.56
Myanmar,MMR,2012,1.67
Myanmar,MMR,2013,2.78
Myanmar,MMR,2014,2.78
Myanmar,MMR,2015,4.44
Myanmar,MMR,2016,4.44
Myanmar,MMR,2017,3.89
Myanmar,MMR,2018,3.89
Myanmar,MMR,2019,2.78
Myanmar,MMR,2020,2.78
Myanmar,MMR,2021,1.67
Myanmar,MMR,2022,0.56
Namibia,NAM,2006,6.67
Namibia,NAM,2008,6.67
Namibia,NAM,2010,6.67
Namibia,NAM,2011,6.67
Namibia,NAM,2012,6.67
Namibia,NAM,2013,6.67
Namibia,NAM,2014,6.67
Namibia,NAM,2015,6.67
Namibia,NAM,2016,6.67
Namibia,NAM,2017,6.67
Namibia,NAM,2018,6.67
Namibia,NAM,2019,6.67
Namibia,NAM,2020,6.67
Namibia,NAM,2021,6.67
Namibia,NAM,2022,6.67
Nepal,NPL,2006,2.22
Nepal,NPL,2008,2.78
Nepal,NPL,2010,3.89
Nepal,NPL,2011,3.89
Nepal,NPL,2012,3.89
Nepal,NPL,2013,4.44
Nepal,NPL,2014,4.44
Nepal,NPL,2015,4.44
Nepal,NPL,2016,4.44
Nepal,NPL,2017,5
Nepal,NPL,2018,5
Nepal,NPL,2019,5
Nepal,NPL,2020,5
Nepal,NPL,2021,4.44
Nepal,NPL,2022,4.44
Netherlands,NLD,2006,9.44
Netherlands,NLD,2008,9.44
Netherlands,NLD,2010,8.89
Netherlands,NLD,2011,8.89
Netherlands,NLD,2012,8.89
Netherlands,NLD,2013,8.89
Netherlands,NLD,2014,8.89
Netherlands,NLD,2015,8.89
Netherlands,NLD,2016,8.33
Netherlands,NLD,2017,8.33
Netherlands,NLD,2018,8.33
Netherlands,NLD,2019,8.33
Netherlands,NLD,2020,8.33
Netherlands,NLD,2021,8.33
Netherlands,NLD,2022,8.33
New Zealand,NZL,2006,8.33
New Zealand,NZL,2008,8.89
New Zealand,NZL,2010,8.89
New Zealand,NZL,2011,8.89
New Zealand,NZL,2012,8.89
New Zealand,NZL,2013,8.89
New Zealand,NZL,2014,8.89
New Zealand,NZL,2015,8.89
New Zealand,NZL,2016,8.89
New Zealand,NZL,2017,8.89
New Zealand,NZL,2018,8.89
New Zealand,NZL,2019,8.89
New Zealand,NZL,2020,8.89
New Zealand,NZL,2021,9.44
New Zealand,NZL,2022,10
Nicaragua,NIC,2006,3.33
Nicaragua,NIC,2008,3.89
Nicaragua,NIC,2010,3.89
Nicaragua,NIC,2011,3.89
Nicaragua,NIC,2012,3.89
Nicaragua,NIC,2013,4.44
Nicaragua,NIC,2014,4.44
Nicaragua,NIC,2015,4.44
Nicaragua,NIC,2016,3.89
Nicaragua,NIC,2017,3.89
Nicaragua,NIC,2018,3.89
Nicaragua,NIC,2019,3.89
Nicaragua,NIC,2020,5
Nicaragua,NIC,2021,3.33
Nicaragua,NIC,2022,3.33
Niger,NER,2006,1.67
Niger,NER,2008,2.22
Niger,NER,2010,2.78
Niger,NER,2011,2.78
Niger,NER,2012,2.78
Niger,NER,2013,2.78
Niger,NER,2014,2.78
Niger,NER,2015,2.78
Niger,NER,2016,3.33
Niger,NER,2017,3.33
Niger,NER,2018,3.33
Niger,NER,2019,3.33
Niger,NER,2020,3.33
Niger,NER,2021,3.89
Niger,NER,2022,3.89
Nigeria,NGA,2006,4.44
Nigeria,NGA,2008,3.33
Nigeria,NGA,2010,3.33
Nigeria,NGA,2011,3.33
Nigeria,NGA,2012,3.33
Nigeria,NGA,2013,3.33
Nigeria,NGA,2014,3.33
Nigeria,NGA,2015,3.33
Nigeria,NGA,2016,3.33
Nigeria,NGA,2017,3.33
Nigeria,NGA,2018,3.33
Nigeria,NGA,2019,3.33
Nigeria,NGA,2020,3.89
Nigeria,NGA,2021,3.89
Nigeria,NGA,2022,3.89
North Korea,PRK,2006,0.56
North Korea,PRK,2008,0.56
North Korea,PRK,2010,1.67
North Korea,PRK,2011,1.67
North Korea,PRK,2012,1.67
North Korea,PRK,2013,1.67
North Korea,PRK,2014,1.67
North Korea,PRK,2015,1.67
North Korea,PRK,2016,1.67
North Korea,PRK,2017,1.67
North Korea,PRK,2018,1.67
North Korea,PRK,2019,1.67
North Korea,PRK,2020,1.67
North Korea,PRK,2021,1.67
North Korea,PRK,2022,1.67
North Macedonia,MKD,2006,7.220000000000001
North Macedonia,MKD,2008,6.67
North Macedonia,MKD,2010,6.11
North Macedonia,MKD,2011,6.11
North Macedonia,MKD,2012,6.11
North Macedonia,MKD,2013,6.11
North Macedonia,MKD,2014,6.11
North Macedonia,MKD,2015,6.11
North Macedonia,MKD,2016,6.11
North Macedonia,MKD,2017,5.56
North Macedonia,MKD,2018,6.67
North Macedonia,MKD,2019,6.67
North Macedonia,MKD,2020,6.11
North Macedonia,MKD,2021,6.11
North Macedonia,MKD,2022,6.11
Norway,NOR,2006,10
Norway,NOR,2008,10
Norway,NOR,2010,10
Norway,NOR,2011,10
Norway,NOR,2012,10
Norway,NOR,2013,10
Norway,NOR,2014,10
Norway,NOR,2015,10
Norway,NOR,2016,10
Norway,NOR,2017,10
Norway,NOR,2018,10
Norway,NOR,2019,10
Norway,NOR,2020,10
Norway,NOR,2021,10
Norway,NOR,2022,10
Oman,OMN,2006,1.67
Oman,OMN,2008,2.22
Oman,OMN,2010,2.22
Oman,OMN,2011,3.89
Oman,OMN,2012,3.89
Oman,OMN,2013,3.89
Oman,OMN,2014,3.33
Oman,OMN,2015,2.78
Oman,OMN,2016,2.78
Oman,OMN,2017,2.78
Oman,OMN,2018,2.78
Oman,OMN,2019,2.78
Oman,OMN,2020,2.78
Oman,OMN,2021,2.78
Oman,OMN,2022,2.78
Pakistan,PAK,2006,0.56
Pakistan,PAK,2008,1.11
Pakistan,PAK,2010,2.22
Pakistan,PAK,2011,2.22
Pakistan,PAK,2012,2.22
Pakistan,PAK,2013,2.78
Pakistan,PAK,2014,2.78
Pakistan,PAK,2015,2.78
Pakistan,PAK,2016,2.78
Pakistan,PAK,2017,2.22
Pakistan,PAK,2018,2.22
Pakistan,PAK,2019,2.22
Pakistan,PAK,2020,3.33
Pakistan,PAK,2021,3.33
Pakistan,PAK,2022,2.78
Palestine,PSE,2006,7.779999999999999
Palestine,PSE,2008,7.779999999999999
Palestine,PSE,2010,8.33
Palestine,PSE,2011,7.779999999999999
Palestine,PSE,2012,7.779999999999999
Palestine,PSE,2013,7.779999999999999
Palestine,PSE,2014,7.779999999999999
Palestine,PSE,2015,7.779999999999999
Palestine,PSE,2016,7.779999999999999
Palestine,PSE,2017,7.779999999999999
Palestine,PSE,2018,7.779999999999999
Palestine,PSE,2019,7.779999999999999
Palestine,PSE,2020,7.779999999999999
Palestine,PSE,2021,8.33
Palestine,PSE,2022,8.33
Panama,PAN,2006,5.56
Panama,PAN,2008,5.56
Panama,PAN,2010,5.56
Panama,PAN,2011,5.56
Panama,PAN,2012,5.56
Panama,PAN,2013,5.56
Panama,PAN,2014,5.56
Panama,PAN,2015,6.11
Panama,PAN,2016,6.11
Panama,PAN,2017,6.11
Panama,PAN,2018,6.67
Panama,PAN,2019,6.67
Panama,PAN,2020,7.220000000000001
Panama,PAN,2021,7.22
Panama,PAN,2022,7.22
Papua New Guinea,PNG,2006,4.44
Papua New Guinea,PNG,2008,4.44
Papua New Guinea,PNG,2010,4.44
Papua New Guinea,PNG,2011,3.33
Papua New Guinea,PNG,2012,3.33
Papua New Guinea,PNG,2013,3.89
Papua New Guinea,PNG,2014,3.89
Papua New Guinea,PNG,2015,3.89
Papua New Guinea,PNG,2016,3.89
Papua New Guinea,PNG,2017,3.89
Papua New Guinea,PNG,2018,3.89
Papua New Guinea,PNG,2019,3.89
Papua New Guinea,PNG,2020,3.33
Papua New Guinea,PNG,2021,3.89
Papua New Guinea,PNG,2022,3.89
Paraguay,PRY,2006,5
Paraguay,PRY,2008,5
Paraguay,PRY,2010,5
Paraguay,PRY,2011,5
Paraguay,PRY,2012,5
Paraguay,PRY,2013,5
Paraguay,PRY,2014,5
Paraguay,PRY,2015,5
Paraguay,PRY,2016,5
Paraguay,PRY,2017,5
Paraguay,PRY,2018,5
Paraguay,PRY,2019,5
Paraguay,PRY,2020,5
Paraguay,PRY,2021,5
Paraguay,PRY,2022,6.11
Peru,PER,2006,5.56
Peru,PER,2008,5.56
Peru,PER,2010,5
Peru,PER,2011,5.56
Peru,PER,2012,5.56
Peru,PER,2013,5
Peru,PER,2014,5
Peru,PER,2015,6.11
Peru,PER,2016,6.11
Peru,PER,2017,5.56
Peru,PER,2018,5.56
Peru,PER,2019,5.56
Peru,PER,2020,5.56
Peru,PER,2021,5.56
Peru,PER,2022,5.56
Philippines,PHL,2006,5
Philippines,PHL,2008,5
Philippines,PHL,2010,5
Philippines,PHL,2011,5
Philippines,PHL,2012,5.56
Philippines,PHL,2013,6.11
Philippines,PHL,2014,6.67
Philippines,PHL,2015,6.67
Philippines,PHL,2016,7.220000000000001
Philippines,PHL,2017,7.220000000000001
Philippines,PHL,2018,7.220000000000001
Philippines,PHL,2019,7.220000000000001
Philippines,PHL,2020,7.779999999999999
Philippines,PHL,2021,7.78
Philippines,PHL,2022,7.78
Poland,POL,2006,6.11
Poland,POL,2008,6.11
Poland,POL,2010,6.11
Poland,POL,2011,6.11
Poland,POL,2012,6.11
Poland,POL,2013,6.11
Poland,POL,2014,6.67
Poland,POL,2015,6.67
Poland,POL,2016,6.67
Poland,POL,2017,6.11
Poland,POL,2018,6.11
Poland,POL,2019,6.11
Poland,POL,2020,6.67
Poland,POL,2021,6.67
Poland,POL,2022,6.67
Portugal,PRT,2006,6.11
Portugal,PRT,2008,5.56
Portugal,PRT,2010,6.11
Portugal,PRT,2011,6.11
Portugal,PRT,2012,6.67
Portugal,PRT,2013,6.67
Portugal,PRT,2014,6.67
Portugal,PRT,2015,6.67
Portugal,PRT,2016,6.67
Portugal,PRT,2017,6.11
Portugal,PRT,2018,6.11
Portugal,PRT,2019,6.11
Portugal,PRT,2020,6.11
Portugal,PRT,2021,6.67
Portugal,PRT,2022,6.67
Qatar,QAT,2006,1.67
Qatar,QAT,2008,2.22
Qatar,QAT,2010,2.22
Qatar,QAT,2011,2.22
Qatar,QAT,2012,2.22
Qatar,QAT,2013,2.22
Qatar,QAT,2014,2.22
Qatar,QAT,2015,2.22
Qatar,QAT,2016,2.22
Qatar,QAT,2017,2.22
Qatar,QAT,2018,2.22
Qatar,QAT,2019,2.22
Qatar,QAT,2020,2.78
Qatar,QAT,2021,3.33
Qatar,QAT,2022,3.33
Romania,ROU,2006,6.11
Romania,ROU,2008,6.11
Romania,ROU,2010,5
Romania,ROU,2011,4.44
Romania,ROU,2012,4.44
Romania,ROU,2013,4.44
Romania,ROU,2014,5
Romania,ROU,2015,5
Romania,ROU,2016,5
Romania,ROU,2017,5
Romania,ROU,2018,5
Romania,ROU,2019,5.56
Romania,ROU,2020,6.67
Romania,ROU,2021,6.11
Romania,ROU,2022,5.56
Russia,RUS,2006,5.56
Russia,RUS,2008,5.56
Russia,RUS,2010,5
Russia,RUS,2011,5
Russia,RUS,2012,5
Russia,RUS,2013,5
Russia,RUS,2014,5
Russia,RUS,2015,5
Russia,RUS,2016,5
Russia,RUS,2017,5
Russia,RUS,2018,5
Russia,RUS,2019,5
Russia,RUS,2020,5
Russia,RUS,2021,4.44
Russia,RUS,2022,2.22
Rwanda,RWA,2006,2.22
Rwanda,RWA,2008,1.67
Rwanda,RWA,2010,1.67
Rwanda,RWA,2011,1.67
Rwanda,RWA,2012,2.22
Rwanda,RWA,2013,2.22
Rwanda,RWA,2014,2.22
Rwanda,RWA,2015,2.22
Rwanda,RWA,2016,2.22
Rwanda,RWA,2017,2.78
Rwanda,RWA,2018,2.78
Rwanda,RWA,2019,2.78
Rwanda,RWA,2020,2.78
Rwanda,RWA,2021,2.78
Rwanda,RWA,2022,2.78
Saudi Arabia,SAU,2006,1.11
Saudi Arabia,SAU,2008,1.11
Saudi Arabia,SAU,2010,1.11
Saudi Arabia,SAU,2011,1.11
Saudi Arabia,SAU,2012,1.11
Saudi Arabia,SAU,2013,1.67
Saudi Arabia,SAU,2014,1.67
Saudi Arabia,SAU,2015,2.22
Saudi Arabia,SAU,2016,2.22
Saudi Arabia,SAU,2017,2.22
Saudi Arabia,SAU,2018,2.22
Saudi Arabia,SAU,2019,2.22
Saudi Arabia,SAU,2020,2.22
Saudi Arabia,SAU,2021,2.22
Saudi Arabia,SAU,2022,2.22
Senegal,SEN,2006,3.33
Senegal,SEN,2008,3.33
Senegal,SEN,2010,3.89
Senegal,SEN,2011,4.44
Senegal,SEN,2012,4.44
Senegal,SEN,2013,4.44
Senegal,SEN,2014,4.44
Senegal,SEN,2015,4.44
Senegal,SEN,2016,4.44
Senegal,SEN,2017,4.44
Senegal,SEN,2018,4.44
Senegal,SEN,2019,4.44
Senegal,SEN,2020,4.44
Senegal,SEN,2021,4.44
Senegal,SEN,2022,4.44
Serbia,SRB,2006,5
Serbia,SRB,2008,5
Serbia,SRB,2010,6.11
Serbia,SRB,2011,6.11
Serbia,SRB,2012,6.11
Serbia,SRB,2013,6.11
Serbia,SRB,2014,6.67
Serbia,SRB,2015,6.67
Serbia,SRB,2016,6.67
Serbia,SRB,2017,6.11
Serbia,SRB,2018,6.11
Serbia,SRB,2019,6.11
Serbia,SRB,2020,6.67
Serbia,SRB,2021,6.67
Serbia,SRB,2022,6.67
Sierra Leone,SLE,2006,2.22
Sierra Leone,SLE,2008,2.78
Sierra Leone,SLE,2010,2.78
Sierra Leone,SLE,2011,2.78
Sierra Leone,SLE,2012,2.78
Sierra Leone,SLE,2013,2.78
Sierra Leone,SLE,2014,2.78
Sierra Leone,SLE,2015,2.78
Sierra Leone,SLE,2016,2.78
Sierra Leone,SLE,2017,3.33
Sierra Leone,SLE,2018,3.33
Sierra Leone,SLE,2019,3.33
Sierra Leone,SLE,2020,3.33
Sierra Leone,SLE,2021,3.89
Sierra Leone,SLE,2022,4.44
Singapore,SGP,2006,2.78
Singapore,SGP,2008,2.78
Singapore,SGP,2010,2.78
Singapore,SGP,2011,2.78
Singapore,SGP,2012,3.33
Singapore,SGP,2013,3.89
Singapore,SGP,2014,5
Singapore,SGP,2015,5.56
Singapore,SGP,2016,6.11
Singapore,SGP,2017,6.11
Singapore,SGP,2018,6.11
Singapore,SGP,2019,5
Singapore,SGP,2020,4.44
Singapore,SGP,2021,4.44
Singapore,SGP,2022,4.44
Slovakia,SVK,2006,6.11
Slovakia,SVK,2008,6.11
Slovakia,SVK,2010,5.56
Slovakia,SVK,2011,5.56
Slovakia,SVK,2012,5.56
Slovakia,SVK,2013,5.56
Slovakia,SVK,2014,5.56
Slovakia,SVK,2015,5.56
Slovakia,SVK,2016,5.56
Slovakia,SVK,2017,5.56
Slovakia,SVK,2018,5.56
Slovakia,SVK,2019,5.56
Slovakia,SVK,2020,5.56
Slovakia,SVK,2021,5.56
Slovakia,SVK,2022,5.56
Slovenia,SVN,2006,6.67
Slovenia,SVN,2008,6.67
Slovenia,SVN,2010,6.67
Slovenia,SVN,2011,6.67
Slovenia,SVN,2012,7.220000000000001
Slovenia,SVN,2013,7.220000000000001
Slovenia,SVN,2014,6.67
Slovenia,SVN,2015,6.67
Slovenia,SVN,2016,6.67
Slovenia,SVN,2017,6.67
Slovenia,SVN,2018,6.67
Slovenia,SVN,2019,6.67
Slovenia,SVN,2020,7.220000000000001
Slovenia,SVN,2021,7.22
Slovenia,SVN,2022,7.22
South Africa,ZAF,2006,7.220000000000001
South Africa,ZAF,2008,7.220000000000001
South Africa,ZAF,2010,7.220000000000001
South Africa,ZAF,2011,7.220000000000001
South Africa,ZAF,2012,7.220000000000001
South Africa,ZAF,2013,7.779999999999999
South Africa,ZAF,2014,7.779999999999999
South Africa,ZAF,2015,8.33
South Africa,ZAF,2016,8.33
South Africa,ZAF,2017,8.33
South Africa,ZAF,2018,8.33
South Africa,ZAF,2019,8.33
South Africa,ZAF,2020,8.33
South Africa,ZAF,2021,8.33
South Africa,ZAF,2022,8.33
South Korea,KOR,2006,7.220000000000001
South Korea,KOR,2008,7.220000000000001
South Korea,KOR,2010,7.220000000000001
South Korea,KOR,2011,7.220000000000001
South Korea,KOR,2012,7.220000000000001
South Korea,KOR,2013,7.220000000000001
South Korea,KOR,2014,7.220000000000001
South Korea,KOR,2015,7.220000000000001
South Korea,KOR,2016,7.220000000000001
South Korea,KOR,2017,7.220000000000001
South Korea,KOR,2018,7.220000000000001
South Korea,KOR,2019,7.220000000000001
South Korea,KOR,2020,7.220000000000001
South Korea,KOR,2021,7.22
South Korea,KOR,2022,7.22
Spain,ESP,2006,6.11
Spain,ESP,2008,6.67
Spain,ESP,2010,6.11
Spain,ESP,2011,6.11
Spain,ESP,2012,6.11
Spain,ESP,2013,6.11
Spain,ESP,2014,7.220000000000001
Spain,ESP,2015,7.220000000000001
Spain,ESP,2016,7.220000000000001
Spain,ESP,2017,7.779999999999999
Spain,ESP,2018,7.779999999999999
Spain,ESP,2019,7.779999999999999
Spain,ESP,2020,7.220000000000001
Spain,ESP,2021,7.22
Spain,ESP,2022,7.22
Sri Lanka,LKA,2006,5.56
Sri Lanka,LKA,2008,5.56
Sri Lanka,LKA,2010,5
Sri Lanka,LKA,2011,5
Sri Lanka,LKA,2012,4.44
Sri Lanka,LKA,2013,4.44
Sri Lanka,LKA,2014,4.44
Sri Lanka,LKA,2015,5
Sri Lanka,LKA,2016,5
Sri Lanka,LKA,2017,5
Sri Lanka,LKA,2018,5
Sri Lanka,LKA,2019,5.56
Sri Lanka,LKA,2020,5.56
Sri Lanka,LKA,2021,5.56
Sri Lanka,LKA,2022,7.22
Sudan,SDN,2006,1.67
Sudan,SDN,2008,1.67
Sudan,SDN,2010,3.33
Sudan,SDN,2011,3.33
Sudan,SDN,2012,3.33
Sudan,SDN,2013,4.44
Sudan,SDN,2014,4.44
Sudan,SDN,2015,3.89
Sudan,SDN,2016,3.89
Sudan,SDN,2017,2.78
Sudan,SDN,2018,2.78
Sudan,SDN,2019,5.56
Sudan,SDN,2020,4.44
Sudan,SDN,2021,4.44
Sudan,SDN,2022,4.44
Suriname,SUR,2006,4.44
Suriname,SUR,2008,4.44
Suriname,SUR,2010,4.44
Suriname,SUR,2011,4.44
Suriname,SUR,2012,4.44
Suriname,SUR,2013,5
Suriname,SUR,2014,5
Suriname,SUR,2015,5
Suriname,SUR,2016,5
Suriname,SUR,2017,5.56
Suriname,SUR,2018,6.67
Suriname,SUR,2019,6.67
Suriname,SUR,2020,6.11
Suriname,SUR,2021,6.11
Suriname,SUR,2022,6.11
Sweden,SWE,2006,10
Sweden,SWE,2008,10
Sweden,SWE,2010,8.89
Sweden,SWE,2011,8.89
Sweden,SWE,2012,9.44
Sweden,SWE,2013,9.44
Sweden,SWE,2014,9.44
Sweden,SWE,2015,8.33
Sweden,SWE,2016,8.33
Sweden,SWE,2017,8.33
Sweden,SWE,2018,8.33
Sweden,SWE,2019,8.33
Sweden,SWE,2020,8.33
Sweden,SWE,2021,8.33
Sweden,SWE,2022,8.33
Switzerland,CHE,2006,7.779999999999999
Switzerland,CHE,2008,7.779999999999999
Switzerland,CHE,2010,7.779999999999999
Switzerland,CHE,2011,7.779999999999999
Switzerland,CHE,2012,7.779999999999999
Switzerland,CHE,2013,7.779999999999999
Switzerland,CHE,2014,7.779999999999999
Switzerland,CHE,2015,7.779999999999999
Switzerland,CHE,2016,7.779999999999999
Switzerland,CHE,2017,7.779999999999999
Switzerland,CHE,2018,7.779999999999999
Switzerland,CHE,2019,7.779999999999999
Switzerland,CHE,2020,7.779999999999999
Switzerland,CHE,2021,7.78
Switzerland,CHE,2022,8.33
Syria,SYR,2006,1.67
Syria,SYR,2008,1.67
Syria,SYR,2010,1.67
Syria,SYR,2011,2.22
Syria,SYR,2012,2.78
Syria,SYR,2013,3.33
Syria,SYR,2014,3.33
Syria,SYR,2015,2.78
Syria,SYR,2016,2.78
Syria,SYR,2017,2.78
Syria,SYR,2018,2.78
Syria,SYR,2019,2.78
Syria,SYR,2020,2.78
Syria,SYR,2021,2.78
Syria,SYR,2022,2.78
Taiwan,TWN,2006,6.67
Taiwan,TWN,2008,6.67
Taiwan,TWN,2010,5.56
Taiwan,TWN,2011,5.56
Taiwan,TWN,2012,6.11
Taiwan,TWN,2013,6.11
Taiwan,TWN,2014,6.11
Taiwan,TWN,2015,6.67
Taiwan,TWN,2016,6.11
Taiwan,TWN,2017,6.11
Taiwan,TWN,2018,6.11
Taiwan,TWN,2019,6.11
Taiwan,TWN,2020,7.220000000000001
Taiwan,TWN,2021,7.78
Taiwan,TWN,2022,7.78
Tajikistan,TJK,2006,2.22
Tajikistan,TJK,2008,2.22
Tajikistan,TJK,2010,2.22
Tajikistan,TJK,2011,2.22
Tajikistan,TJK,2012,2.22
Tajikistan,TJK,2013,2.22
Tajikistan,TJK,2014,2.22
Tajikistan,TJK,2015,1.67
Tajikistan,TJK,2016,1.67
Tajikistan,TJK,2017,1.67
Tajikistan,TJK,2018,1.67
Tajikistan,TJK,2019,1.67
Tajikistan,TJK,2020,2.22
Tajikistan,TJK,2021,2.22
Tajikistan,TJK,2022,2.22
Tanzania,TZA,2006,5.06
Tanzania,TZA,2008,5.06
Tanzania,TZA,2010,5.56
Tanzania,TZA,2011,5.56
Tanzania,TZA,2012,6.11
Tanzania,TZA,2013,5.56
Tanzania,TZA,2014,5.56
Tanzania,TZA,2015,5
Tanzania,TZA,2016,5.56
Tanzania,TZA,2017,5
Tanzania,TZA,2018,5
Tanzania,TZA,2019,5
Tanzania,TZA,2020,5
Tanzania,TZA,2021,5
Tanzania,TZA,2022,5
Thailand,THA,2006,5
Thailand,THA,2008,5.56
Thailand,THA,2010,5.56
Thailand,THA,2011,5.56
Thailand,THA,2012,5.56
Thailand,THA,2013,5.56
Thailand,THA,2014,5.56
Thailand,THA,2015,5.56
Thailand,THA,2016,5
Thailand,THA,2017,5
Thailand,THA,2018,5
Thailand,THA,2019,6.11
Thailand,THA,2020,6.67
Thailand,THA,2021,6.67
Thailand,THA,2022,8.33
Togo,TGO,2006,0.56
Togo,TGO,2008,1.67
Togo,TGO,2010,3.33
Togo,TGO,2011,3.33
Togo,TGO,2012,3.33
Togo,TGO,2013,3.33
Togo,TGO,2014,3.33
Togo,TGO,2015,2.78
Togo,TGO,2016,2.78
Togo,TGO,2017,2.78
Togo,TGO,2018,3.33
Togo,TGO,2019,3.33
Togo,TGO,2020,3.33
Togo,TGO,2021,3.33
Togo,TGO,2022,3.33
Trinidad and Tobago,TTO,2006,6.11
Trinidad and Tobago,TTO,2008,6.11
Trinidad and Tobago,TTO,2010,6.11
Trinidad and Tobago,TTO,2011,6.11
Trinidad and Tobago,TTO,2012,5
Trinidad and Tobago,TTO,2013,5
Trinidad and Tobago,TTO,2014,5
Trinidad and Tobago,TTO,2015,5.56
Trinidad and Tobago,TTO,2016,5.56
Trinidad and Tobago,TTO,2017,5.56
Trinidad and Tobago,TTO,2018,6.11
Trinidad and Tobago,TTO,2019,6.11
Trinidad and Tobago,TTO,2020,6.11
Trinidad and Tobago,TTO,2021,6.11
Trinidad and Tobago,TTO,2022,6.11
Tunisia,TUN,2006,2.22
Tunisia,TUN,2008,2.78
Tunisia,TUN,2010,2.22
Tunisia,TUN,2011,6.67
Tunisia,TUN,2012,6.67
Tunisia,TUN,2013,6.67
Tunisia,TUN,2014,7.220000000000001
Tunisia,TUN,2015,7.779999999999999
Tunisia,TUN,2016,7.779999999999999
Tunisia,TUN,2017,7.779999999999999
Tunisia,TUN,2018,7.779999999999999
Tunisia,TUN,2019,7.220000000000001
Tunisia,TUN,2020,7.220000000000001
Tunisia,TUN,2021,7.22
Tunisia,TUN,2022,6.11
Turkey,TUR,2006,4.44
Turkey,TUR,2008,4.44
Turkey,TUR,2010,3.89
Turkey,TUR,2011,3.89
Turkey,TUR,2012,5
Turkey,TUR,2013,5
Turkey,TUR,2014,4.44
Turkey,TUR,2015,5
Turkey,TUR,2016,5
Turkey,TUR,2017,5
Turkey,TUR,2018,5
Turkey,TUR,2019,5
Turkey,TUR,2020,5.56
Turkey,TUR,2021,5.56
Turkey,TUR,2022,5.56
Turkmenistan,TKM,2006,2.78
Turkmenistan,TKM,2008,2.22
Turkmenistan,TKM,2010,2.22
Turkmenistan,TKM,2011,2.22
Turkmenistan,TKM,2012,2.22
Turkmenistan,TKM,2013,2.22
Turkmenistan,TKM,2014,2.78
Turkmenistan,TKM,2015,2.78
Turkmenistan,TKM,2016,2.78
Turkmenistan,TKM,2017,2.22
Turkmenistan,TKM,2018,2.22
Turkmenistan,TKM,2019,2.22
Turkmenistan,TKM,2020,2.22
Turkmenistan,TKM,2021,2.22
Turkmenistan,TKM,2022,2.22
Uganda,UGA,2006,4.44
Uganda,UGA,2008,3.89
Uganda,UGA,2010,5
Uganda,UGA,2011,5
Uganda,UGA,2012,4.44
Uganda,UGA,2013,4.44
Uganda,UGA,2014,4.44
Uganda,UGA,2015,4.44
Uganda,UGA,2016,4.44
Uganda,UGA,2017,3.89
Uganda,UGA,2018,4.44
Uganda,UGA,2019,4.44
Uganda,UGA,2020,5
Uganda,UGA,2021,3.89
Uganda,UGA,2022,3.89
Ukraine,UKR,2006,5.56
Ukraine,UKR,2008,5.56
Ukraine,UKR,2010,5
Ukraine,UKR,2011,5
Ukraine,UKR,2012,5.56
Ukraine,UKR,2013,5.56
Ukraine,UKR,2014,5.56
Ukraine,UKR,2015,6.67
Ukraine,UKR,2016,6.67
Ukraine,UKR,2017,6.67
Ukraine,UKR,2018,6.67
Ukraine,UKR,2019,6.67
Ukraine,UKR,2020,7.22
Ukraine,UKR,2021,6.67
Ukraine,UKR,2022,7.22
United Arab Emirates,ARE,2006,1.11
United Arab Emirates,ARE,2008,1.11
United Arab Emirates,ARE,2010,1.11
United Arab Emirates,ARE,2011,1.11
United Arab Emirates,ARE,2012,1.11
United Arab Emirates,ARE,2013,1.11
United Arab Emirates,ARE,2014,1.67
United Arab Emirates,ARE,2015,2.22
United Arab Emirates,ARE,2016,2.22
United Arab Emirates,ARE,2017,2.22
United Arab Emirates,ARE,2018,2.22
United Arab Emirates,ARE,2019,2.22
United Arab Emirates,ARE,2020,2.22
United Arab Emirates,ARE,2021,2.22
United Arab Emirates,ARE,2022,2.22
United Kingdom,GBR,2006,5
United Kingdom,GBR,2008,5
United Kingdom,GBR,2010,6.11
United Kingdom,GBR,2011,6.11
United Kingdom,GBR,2012,6.11
United Kingdom,GBR,2013,6.67
United Kingdom,GBR,2014,6.67
United Kingdom,GBR,2015,6.67
United Kingdom,GBR,2016,7.220000000000001
United Kingdom,GBR,2017,8.33
United Kingdom,GBR,2018,8.33
United Kingdom,GBR,2019,8.89
United Kingdom,GBR,2020,8.89
United Kingdom,GBR,2021,8.33
United Kingdom,GBR,2022,8.33
United States,USA,2006,7.220000000000001
United States,USA,2008,7.220000000000001
United States,USA,2010,7.220000000000001
United States,USA,2011,7.220000000000001
United States,USA,2012,7.220000000000001
United States,USA,2013,7.220000000000001
United States,USA,2014,7.220000000000001
United States,USA,2015,7.220000000000001
United States,USA,2016,7.220000000000001
United States,USA,2017,7.220000000000001
United States,USA,2018,7.779999999999999
United States,USA,2019,7.779999999999999
United States,USA,2020,8.89
United States,USA,2021,8.89
United States,USA,2022,8.89
Uruguay,URY,2006,5
Uruguay,URY,2008,5
Uruguay,URY,2010,4.44
Uruguay,URY,2011,4.44
Uruguay,URY,2012,4.44
Uruguay,URY,2013,4.44
Uruguay,URY,2014,4.44
Uruguay,URY,2015,4.44
Uruguay,URY,2016,4.44
Uruguay,URY,2017,4.44
Uruguay,URY,2018,6.11
Uruguay,URY,2019,6.11
Uruguay,URY,2020,6.67
Uruguay,URY,2021,7.22
Uruguay,URY,2022,7.78
Uzbekistan,UZB,2006,2.78
Uzbekistan,UZB,2008,2.22
Uzbekistan,UZB,2010,2.22
Uzbekistan,UZB,2011,2.22
Uzbekistan,UZB,2012,2.78
Uzbekistan,UZB,2013,2.78
Uzbekistan,UZB,2014,2.78
Uzbekistan,UZB,2015,2.22
Uzbekistan,UZB,2016,2.22
Uzbekistan,UZB,2017,2.22
Uzbekistan,UZB,2018,2.22
Uzbekistan,UZB,2019,2.22
Uzbekistan,UZB,2020,2.78
Uzbekistan,UZB,2021,2.78
Uzbekistan,UZB,2022,2.78
Venezuela,VEN,2006,5.56
Venezuela,VEN,2008,5.56
Venezuela,VEN,2010,5.56
Venezuela,VEN,2011,5.56
Venezuela,VEN,2012,5.56
Venezuela,VEN,2013,5.56
Venezuela,VEN,2014,5.56
Venezuela,VEN,2015,5
Venezuela,VEN,2016,5.56
Venezuela,VEN,2017,6.11
Venezuela,VEN,2018,4.44
Venezuela,VEN,2019,5
Venezuela,VEN,2020,5
Venezuela,VEN,2021,3.89
Venezuela,VEN,2022,5.56
Vietnam,VNM,2006,2.78
Vietnam,VNM,2008,1.67
Vietnam,VNM,2010,3.33
Vietnam,VNM,2011,2.78
Vietnam,VNM,2012,2.78
Vietnam,VNM,2013,3.89
Vietnam,VNM,2014,3.89
Vietnam,VNM,2015,3.89
Vietnam,VNM,2016,3.89
Vietnam,VNM,2017,3.89
Vietnam,VNM,2018,3.89
Vietnam,VNM,2019,3.89
Vietnam,VNM,2020,3.89
Vietnam,VNM,2021,3.89
Vietnam,VNM,2022,3.33
Yemen,YEM,2006,2.78
Yemen,YEM,2008,3.33
Yemen,YEM,2010,3.89
Yemen,YEM,2011,4.44
Yemen,YEM,2012,5
Yemen,YEM,2013,5
Yemen,YEM,2014,5
Yemen,YEM,2015,4.44
Yemen,YEM,2016,4.44
Yemen,YEM,2017,4.44
Yemen,YEM,2018,3.89
Yemen,YEM,2019,3.89
Yemen,YEM,2020,3.89
Yemen,YEM,2021,3.89
Yemen,YEM,2022,3.89
Zambia,ZMB,2006,3.33
Zambia,ZMB,2008,3.33
Zambia,ZMB,2010,3.89
Zambia,ZMB,2011,4.44
Zambia,ZMB,2012,4.44
Zambia,ZMB,2013,4.44
Zambia,ZMB,2014,4.44
Zambia,ZMB,2015,3.89
Zambia,ZMB,2016,3.89
Zambia,ZMB,2017,3.89
Zambia,ZMB,2018,3.89
Zambia,ZMB,2019,4.44
Zambia,ZMB,2020,3.89
Zambia,ZMB,2021,5
Zambia,ZMB,2022,5
Zimbabwe,ZWE,2006,3.89
Zimbabwe,ZWE,2008,3.89
Zimbabwe,ZWE,2010,3.33
Zimbabwe,ZWE,2011,3.89
Zimbabwe,ZWE,2012,3.33
Zimbabwe,ZWE,2013,3.33
Zimbabwe,ZWE,2014,3.89
Zimbabwe,ZWE,2015,3.89
Zimbabwe,ZWE,2016,3.89
Zimbabwe,ZWE,2017,4.44
Zimbabwe,ZWE,2018,4.44
Zimbabwe,ZWE,2019,4.44
Zimbabwe,ZWE,2020,4.44
Zimbabwe,ZWE,2021,3.89
Zimbabwe,ZWE,2022,3.89