country_name,Year,ISO,Rank,Score,Zone,pol_part_score,Continent
Afghanistan,2013,AFG,128,62.64,Asie-Pacifique,2.78,Asia
Afghanistan,2014,AFG,128,62.93,Asie-Pacifique,3.89,Asia
Afghanistan,2015,AFG,122,62.56,Asie-Pacifique,3.89,Asia
Afghanistan,2016,AFG,120,62.25,Asie-Pacifique,2.78,Asia
Afghanistan,2017,AFG,120,60.54,Asie-Pacifique,2.78,Asia
Afghanistan,2018,AFG,118,62.72,Asie-Pacifique,4.44,Asia
Afghanistan,2019,AFG,121,63.45,Asie-Pacifique,3.89,Asia
Afghanistan,2020,AFG,122,62.3,Asie-Pacifique,3.89,Asia
Afghanistan,2021,AFG,122,59.81,Asie-Pacifique,0,Asia
Afghanistan,2022,AFG,156,38.27,Asie-Pacifique,0,Asia
Albania,2013,ALB,102,69.12,UE Balkans,5,Europe
Albania,2014,ALB,85,70.08,UE Balkans,5,Europe
Albania,2015,ALB,82,71.23,UE Balkans,5.56,Europe
Albania,2016,ALB,82,70.08,UE Balkans,5.56,Europe
Albania,2017,ALB,76,70.08,UE Balkans,5.56,Europe
Albania,2018,ALB,75,70.51,UE Balkans,5.56,Europe
Albania,2019,ALB,82,70.16,UE Balkans,4.44,Europe
Albania,2020,ALB,84,69.75,UE Balkans,4.44,Europe
Albania,2021,ALB,83,69.41,UE Balkans,4.44,Europe
Albania,2022,ALB,103,56.41,Europe - Asie centrale,5,Europe
Algeria,2013,DZA,125,63.46,MENA,3.89,Africa
Algeria,2014,DZA,121,63.74,MENA,3.89,Africa
Algeria,2015,DZA,119,63.37,MENA,3.89,Africa
Algeria,2016,DZA,129,58.31,MENA,3.89,Africa
Algeria,2017,DZA,134,57.17,MENA,3.89,Africa
Algeria,2018,DZA,136,56.87,MENA,3.89,Africa
Algeria,2019,DZA,141,54.25,MENA,5,Africa
Algeria,2020,DZA,146,54.48,MENA,4.44,Africa
Algeria,2021,DZA,146,52.74,MENA,4.44,Africa
Algeria,2022,DZA,134,45.53,Maghreb - Moyen-Orient,3.89,Africa
Angola,2013,AGO,130,62.2,Afrique,5,Africa
Angola,2014,AGO,124,63.5,Afrique,5,Africa
Angola,2015,AGO,123,62.16,Afrique,5,Africa
Angola,2016,AGO,123,60.11,Afrique,5.56,Africa
Angola,2017,AGO,125,59.58,Afrique,5.56,Africa
Angola,2018,AGO,121,61.65,Afrique,5.56,Africa
Angola,2019,AGO,109,65.04,Afrique,5.56,Africa
Angola,2020,AGO,106,66.08,Afrique,5.56,Africa
Angola,2021,AGO,103,65.94,Afrique,5,Africa
Angola,2022,AGO,99,57.17,Afrique,4.44,Africa
Argentina,2013,ARG,54,74.33,Amériques,5.56,South America
Argentina,2014,ARG,55,74.73,Amériques,5.56,South America
Argentina,2015,ARG,57,73.89,Amériques,6.11,South America
Argentina,2016,ARG,54,74.91,Amériques,6.11,South America
Argentina,2017,ARG,50,74.93,Amériques,6.11,South America
Argentina,2018,ARG,52,73.95,Amériques,6.11,South America
Argentina,2019,ARG,57,71.7,Amériques,6.11,South America
Argentina,2020,ARG,64,71.22,Amériques,6.67,South America
Argentina,2021,ARG,69,71.01,Amériques,7.22,South America
Argentina,2022,ARG,29,77.28,Amériques,7.78,South America
Armenia,2013,ARM,74,71.96,EEAC,3.89,Asia
Armenia,2014,ARM,78,70.93,EEAC,4.44,Asia
Armenia,2015,ARM,78,71.57,EEAC,4.44,Asia
Armenia,2016,ARM,74,71.21,EEAC,4.44,Asia
Armenia,2017,ARM,79,69.62,EEAC,5,Asia
Armenia,2018,ARM,80,70.01,EEAC,5.56,Asia
Armenia,2019,ARM,61,71.02,EEAC,6.11,Asia
Armenia,2020,ARM,61,71.4,EEAC,6.11,Asia
Armenia,2021,ARM,63,71.17,EEAC,6.11,Asia
Armenia,2022,ARM,51,68.97,Europe - Asie centrale,6.11,Asia
Australia,2013,AUS,26,84.76,Asie-Pacifique,7.779999999999999,Oceania
Australia,2014,AUS,28,83.09,Asie-Pacifique,7.779999999999999,Oceania
Australia,2015,AUS,25,82.97,Asie-Pacifique,7.779999999999999,Oceania
Australia,2016,AUS,25,82.16,Asie-Pacifique,7.779999999999999,Oceania
Australia,2017,AUS,19,83.98,Asie-Pacifique,7.779999999999999,Oceania
Australia,2018,AUS,19,84.54,Asie-Pacifique,7.779999999999999,Oceania
Australia,2019,AUS,21,83.45,Asie-Pacifique,7.779999999999999,Oceania
Australia,2020,AUS,26,79.79,Asie-Pacifique,7.779999999999999,Oceania
Australia,2021,AUS,25,80.21,Asie-Pacifique,7.78,Oceania
Australia,2022,AUS,39,73.77,Asie-Pacifique,7.78,Oceania
Austria,2013,AUT,12,90.6,UE Balkans,7.779999999999999,Europe
Austria,2014,AUT,12,89.99,UE Balkans,8.33,Europe
Austria,2015,AUT,7,89.15,UE Balkans,8.33,Europe
Austria,2016,AUT,11,86.82,UE Balkans,8.33,Europe
Austria,2017,AUT,11,86.53,UE Balkans,8.33,Europe
Austria,2018,AUT,11,85.96,UE Balkans,8.33,Europe
Austria,2019,AUT,16,84.67,UE Balkans,8.33,Europe
Austria,2020,AUT,18,84.22,UE Balkans,8.33,Europe
Austria,2021,AUT,17,83.66,UE Balkans,8.89,Europe
Austria,2022,AUT,31,76.74,Europe - Asie centrale,8.89,Europe
Azerbaijan,2013,AZE,156,52.27,EEAC,3.33,Asia
Azerbaijan,2014,AZE,160,47.13,EEAC,3.33,Asia
Azerbaijan,2015,AZE,162,41.59,EEAC,3.33,Asia
Azerbaijan,2016,AZE,163,42.11,EEAC,3.33,Asia
Azerbaijan,2017,AZE,162,43.6,EEAC,3.33,Asia
Azerbaijan,2018,AZE,163,40.27,EEAC,3.33,Asia
Azerbaijan,2019,AZE,166,40.87,EEAC,2.78,Asia
Azerbaijan,2020,AZE,168,41.52,EEAC,3.33,Asia
Azerbaijan,2021,AZE,167,41.23,EEAC,2.78,Asia
Azerbaijan,2022,AZE,154,39.4,Europe - Asie centrale,3.33,Asia
Bahrain,2013,BHR,165,37.25,MENA,2.78,Asia
Bahrain,2014,BHR,163,41.74,MENA,2.78,Asia
Bahrain,2015,BHR,163,41.31,MENA,2.78,Asia
Bahrain,2016,BHR,162,45.14,MENA,2.78,Asia
Bahrain,2017,BHR,164,41.12,MENA,2.78,Asia
Bahrain,2018,BHR,166,39.15,MENA,2.78,Asia
Bahrain,2019,BHR,167,38.69,MENA,2.78,Asia
Bahrain,2020,BHR,169,39.87,MENA,2.78,Asia
Bahrain,2021,BHR,168,38.9,MENA,3.33,Asia
Bahrain,2022,BHR,167,30.97,Maghreb - Moyen-Orient,3.33,Asia
Bangladesh,2013,BGD,144,57.99,Asie-Pacifique,5,Asia
Bangladesh,2014,BGD,146,57.42,Asie-Pacifique,5,Asia
Bangladesh,2015,BGD,146,57.05,Asie-Pacifique,5,Asia
Bangladesh,2016,BGD,144,54.06,Asie-Pacifique,5,Asia
Bangladesh,2017,BGD,146,51.64,Asie-Pacifique,5,Asia
Bangladesh,2018,BGD,146,51.38,Asie-Pacifique,5.56,Asia
Bangladesh,2019,BGD,150,49.26,Asie-Pacifique,6.11,Asia
Bangladesh,2020,BGD,151,50.63,Asie-Pacifique,6.11,Asia
Bangladesh,2021,BGD,152,50.29,Asie-Pacifique,5.56,Asia
Bangladesh,2022,BGD,162,36.63,Asie-Pacifique,5.56,Asia
Belarus,2013,BLR,157,51.65,EEAC,3.89,Europe
Belarus,2014,BLR,157,52.18,EEAC,3.89,Europe
Belarus,2015,BLR,157,52.02,EEAC,3.89,Europe
Belarus,2016,BLR,157,45.68,EEAC,3.89,Europe
Belarus,2017,BLR,153,47.57,EEAC,3.89,Europe
Belarus,2018,BLR,155,47.41,EEAC,3.89,Europe
Belarus,2019,BLR,153,48.34,EEAC,2.78,Europe
Belarus,2020,BLR,153,50.25,EEAC,3.89,Europe
Belarus,2021,BLR,158,49.18,EEAC,3.89,Europe
Belarus,2022,BLR,153,39.62,Europe - Asie centrale,3.33,Europe
Belgium,2013,BEL,21,87.06,UE Balkans,5.56,Europe
Belgium,2014,BEL,23,87.2,UE Balkans,5.56,Europe
Belgium,2015,BEL,15,88.02,UE Balkans,5.56,Europe
Belgium,2016,BEL,13,85.82,UE Balkans,5,Europe
Belgium,2017,BEL,9,87.25,UE Balkans,5,Europe
Belgium,2018,BEL,7,86.84,UE Balkans,5,Europe
Belgium,2019,BEL,9,87.93,UE Balkans,5,Europe
Belgium,2020,BEL,12,87.43,UE Balkans,5,Europe
Belgium,2021,BEL,11,88.31,UE Balkans,5,Europe
Belgium,2022,BEL,23,78.86,Europe - Asie centrale,5,Europe
Benin,2013,BEN,79,71.67,Afrique,4.44,Africa
Benin,2014,BEN,75,71.17,Afrique,4.44,Africa
Benin,2015,BEN,84,70.76,Afrique,4.44,Africa
Benin,2016,BEN,78,71.03,Afrique,5,Africa
Benin,2017,BEN,78,69.68,Afrique,5,Africa
Benin,2018,BEN,84,69.84,Afrique,5,Africa
Benin,2019,BEN,96,68.26,Afrique,4.44,Africa
Benin,2020,BEN,113,64.89,Afrique,3.89,Africa
Benin,2021,BEN,114,61.82,Afrique,3.89,Africa
Benin,2022,BEN,121,48.39,Afrique,3.33,Africa
Bhutan,2013,BTN,82,71.58,Asie-Pacifique,3.33,Asia
Bhutan,2014,BTN,92,69.27,Asie-Pacifique,2.78,Asia
Bhutan,2015,BTN,104,67.35,Asie-Pacifique,2.78,Asia
Bhutan,2016,BTN,94,69.27,Asie-Pacifique,2.78,Asia
Bhutan,2017,BTN,84,69.27,Asie-Pacifique,2.78,Asia
Bhutan,2018,BTN,94,69.27,Asie-Pacifique,2.78,Asia
Bhutan,2019,BTN,80,70.19,Asie-Pacifique,2.78,Asia
Bhutan,2020,BTN,67,71.1,Asie-Pacifique,3.33,Asia
Bhutan,2021,BTN,65,71.14,Asie-Pacifique,3.33,Asia
Bhutan,2022,BTN,33,76.46,Asie-Pacifique,3.33,Asia
Bolivia,2013,BOL,109,67.2,Amériques,5.56,South America
Bolivia,2014,BOL,94,68.96,Amériques,5.56,South America
Bolivia,2015,BOL,94,68.71,Amériques,5,South America
Bolivia,2016,BOL,97,68.22,Amériques,5,South America
Bolivia,2017,BOL,107,66.12,Amériques,5,South America
Bolivia,2018,BOL,110,67.55,Amériques,5.56,South America
Bolivia,2019,BOL,113,64.62,Amériques,5,South America
Bolivia,2020,BOL,114,64.63,Amériques,6.11,South America
Bolivia,2021,BOL,110,64.53,Amériques,6.11,South America
Bolivia,2022,BOL,126,47.58,Amériques,6.67,South America
Bosnia and Herzegovina,2013,BIH,68,73.14,UE Balkans,3.33,Europe
Bosnia and Herzegovina,2014,BIH,66,73.14,UE Balkans,3.33,Europe
Bosnia and Herzegovina,2015,BIH,66,72.49,UE Balkans,3.89,Europe
Bosnia and Herzegovina,2016,BIH,68,71.55,UE Balkans,5,Europe
Bosnia and Herzegovina,2017,BIH,65,72.17,UE Balkans,5,Europe
Bosnia and Herzegovina,2018,BIH,62,72.63,UE Balkans,5.56,Europe
Bosnia and Herzegovina,2019,BIH,63,70.98,UE Balkans,5.56,Europe
Bosnia and Herzegovina,2020,BIH,58,71.49,UE Balkans,5.56,Europe
Bosnia and Herzegovina,2021,BIH,58,71.66,UE Balkans,5.56,Europe
Bosnia and Herzegovina,2022,BIH,67,65.64,Europe - Asie centrale,5,Europe
Botswana,2013,BWA,40,77.09,Afrique,6.67,Africa
Botswana,2014,BWA,41,77.09,Afrique,6.11,Africa
Botswana,2015,BWA,42,77.09,Afrique,6.11,Africa
Botswana,2016,BWA,43,77.09,Afrique,6.11,Africa
Botswana,2017,BWA,48,75.07,Afrique,6.11,Africa
Botswana,2018,BWA,48,74.71,Afrique,6.11,Africa
Botswana,2019,BWA,44,74.91,Afrique,6.11,Africa
Botswana,2020,BWA,39,76.44,Afrique,6.11,Africa
Botswana,2021,BWA,38,76.75,Afrique,6.67,Africa
Botswana,2022,BWA,95,58.49,Afrique,6.67,Africa
Brazil,2013,BRA,108,67.25,Amériques,5,South America
Brazil,2014,BRA,111,65.97,Amériques,4.44,South America
Brazil,2015,BRA,99,68.07,Amériques,5.56,South America
Brazil,2016,BRA,104,67.38,Amériques,5.56,South America
Brazil,2017,BRA,103,66.42,Amériques,6.11,South America
Brazil,2018,BRA,102,68.8,Amériques,6.67,South America
Brazil,2019,BRA,105,67.21,Amériques,6.11,South America
Brazil,2020,BRA,107,65.95,Amériques,6.11,South America
Brazil,2021,BRA,111,63.75,Amériques,6.11,South America
Brazil,2022,BRA,110,55.36,Amériques,6.67,South America
Bulgaria,2013,BGR,87,71.42,UE Balkans,6.67,Europe
Bulgaria,2014,BGR,100,68.58,UE Balkans,5.56,Europe
Bulgaria,2015,BGR,106,67.09,UE Balkans,7.220000000000001,Europe
Bulgaria,2016,BGR,113,65.54,UE Balkans,7.220000000000001,Europe
Bulgaria,2017,BGR,109,64.99,UE Balkans,7.220000000000001,Europe
Bulgaria,2018,BGR,111,64.78,UE Balkans,7.220000000000001,Europe
Bulgaria,2019,BGR,111,64.89,UE Balkans,7.220000000000001,Europe
Bulgaria,2020,BGR,111,64.94,UE Balkans,7.220000000000001,Europe
Bulgaria,2021,BGR,112,62.71,UE Balkans,7.22,Europe
Bulgaria,2022,BGR,91,59.12,Europe - Asie centrale,6.11,Europe
Burkina Faso,2013,BFA,46,76.3,Afrique,3.33,Africa
Burkina Faso,2014,BFA,52,75.55,Afrique,3.33,Africa
Burkina Faso,2015,BFA,46,76.21,Afrique,4.44,Africa
Burkina Faso,2016,BFA,42,77.34,Afrique,4.44,Africa
Burkina Faso,2017,BFA,42,76.15,Afrique,4.44,Africa
Burkina Faso,2018,BFA,41,76.67,Afrique,4.44,Africa
Burkina Faso,2019,BFA,36,75.47,Afrique,4.44,Africa
Burkina Faso,2020,BFA,38,76.53,Afrique,4.44,Africa
Burkina Faso,2021,BFA,37,76.83,Afrique,5,Africa
Burkina Faso,2022,BFA,41,73.12,Afrique,5,Africa
Burundi,2013,BDI,132,61.98,Afrique,3.89,Africa
Burundi,2014,BDI,142,59.5,Afrique,3.89,Africa
Burundi,2015,BDI,145,57.07,Afrique,3.89,Africa
Burundi,2016,BDI,156,45.9,Afrique,3.89,Africa
Burundi,2017,BDI,160,44.22,Afrique,3.89,Africa
Burundi,2018,BDI,159,44.74,Afrique,3.89,Africa
Burundi,2019,BDI,159,47.11,Afrique,3.33,Africa
Burundi,2020,BDI,160,44.67,Afrique,3.33,Africa
Burundi,2021,BDI,147,52.43,Afrique,3.89,Africa
Burundi,2022,BDI,107,55.74,Afrique,3.89,Africa
Cambodia,2013,KHM,143,58.19,Asie-Pacifique,2.78,Asia
Cambodia,2014,KHM,144,59.03,Asie-Pacifique,3.33,Asia
Cambodia,2015,KHM,139,59.01,Asie-Pacifique,3.33,Asia
Cambodia,2016,KHM,128,59.3,Asie-Pacifique,3.33,Asia
Cambodia,2017,KHM,132,57.93,Asie-Pacifique,2.22,Asia
Cambodia,2018,KHM,142,54.1,Asie-Pacifique,2.78,Asia
Cambodia,2019,KHM,143,54.1,Asie-Pacifique,3.33,Asia
Cambodia,2020,KHM,144,54.54,Asie-Pacifique,3.89,Asia
Cambodia,2021,KHM,144,53.16,Asie-Pacifique,3.89,Asia
Cambodia,2022,KHM,142,43.48,Asie-Pacifique,5,Asia
Cameroon,2013,CMR,120,65.22,Afrique,3.89,Africa
Cameroon,2014,CMR,131,61.87,Afrique,3.89,Africa
Cameroon,2015,CMR,133,60.37,Afrique,3.89,Africa
Cameroon,2016,CMR,126,59.47,Afrique,3.89,Africa
Cameroon,2017,CMR,130,58.41,Afrique,3.89,Africa
Cameroon,2018,CMR,129,59.08,Afrique,3.33,Africa
Cameroon,2019,CMR,131,56.68,Afrique,3.33,Africa
Cameroon,2020,CMR,134,56.72,Afrique,3.33,Africa
Cameroon,2021,CMR,135,56.22,Afrique,3.89,Africa
Cameroon,2022,CMR,118,49.1,Afrique,3.89,Africa
Canada,2013,CAN,20,87.31,Amériques,7.779999999999999,North America
Canada,2014,CAN,18,89.01,Amériques,7.779999999999999,North America
Canada,2015,CAN,8,89.01,Amériques,7.779999999999999,North America
Canada,2016,CAN,18,84.74,Amériques,7.779999999999999,North America
Canada,2017,CAN,22,83.47,Amériques,7.779999999999999,North America
Canada,2018,CAN,18,84.72,Amériques,7.779999999999999,North America
Canada,2019,CAN,18,84.31,Amériques,7.779999999999999,North America
Canada,2020,CAN,16,84.71,Amériques,8.89,North America
Canada,2021,CAN,14,84.75,Amériques,8.89,North America
Canada,2022,CAN,19,81.74,Amériques,8.89,North America
Cape Verde,2013,CPV,25,85.67,Afrique,7.220000000000001,Africa
Cape Verde,2014,CPV,24,85.68,Afrique,6.67,Africa
Cape Verde,2015,CPV,36,79.31,Afrique,6.67,Africa
Cape Verde,2016,CPV,32,80.18,Afrique,6.67,Africa
Cape Verde,2017,CPV,27,81.98,Afrique,6.67,Africa
Cape Verde,2018,CPV,29,79.61,Afrique,6.67,Africa
Cape Verde,2019,CPV,25,80.19,Afrique,6.67,Africa
Cape Verde,2020,CPV,25,79.85,Afrique,6.67,Africa
Cape Verde,2021,CPV,27,79.91,Afrique,6.67,Africa
Cape Verde,2022,CPV,36,75.37,Afrique,6.67,Africa
Central African Republic,2013,CAF,65,73.39,Afrique,1.67,Africa
Central African Republic,2014,CAF,109,66.87,Afrique,1.67,Africa
Central African Republic,2015,CAF,110,66.16,Afrique,1.67,Africa
Central African Republic,2016,CAF,110,66.4,Afrique,1.11,Africa
Central African Republic,2017,CAF,113,63.88,Afrique,1.11,Africa
Central African Republic,2018,CAF,112,64.75,Afrique,1.11,Africa
Central African Republic,2019,CAF,145,52.73,Afrique,1.11,Africa
Central African Republic,2020,CAF,132,57.13,Afrique,1.11,Africa
Central African Republic,2021,CAF,126,58.08,Afrique,1.67,Africa
Central African Republic,2022,CAF,101,56.96,Afrique,1.67,Africa
Chad,2013,TCD,121,65.13,Afrique,1.11,Africa
Chad,2014,TCD,139,59.78,Afrique,1.11,Africa
Chad,2015,TCD,135,59.83,Afrique,1.11,Africa
Chad,2016,TCD,127,59.41,Afrique,1.11,Africa
Chad,2017,TCD,121,60.34,Afrique,1.11,Africa
Chad,2018,TCD,123,61.55,Afrique,1.67,Africa
Chad,2019,TCD,122,63.29,Afrique,1.67,Africa
Chad,2020,TCD,123,60.3,Afrique,1.67,Africa
Chad,2021,TCD,123,59.8,Afrique,2.22,Africa
Chad,2022,TCD,104,56.18,Afrique,2.22,Africa
Chile,2013,CHL,60,73.76,Amériques,3.89,South America
Chile,2014,CHL,58,74.2,Amériques,3.89,South America
Chile,2015,CHL,43,77,Amériques,4.44,South America
Chile,2016,CHL,31,80.77,Amériques,4.44,South America
Chile,2017,CHL,33,79.47,Amériques,4.44,South America
Chile,2018,CHL,38,77.31,Amériques,4.44,South America
Chile,2019,CHL,46,74.35,Amériques,5,South America
Chile,2020,CHL,51,72.69,Amériques,6.67,South America
Chile,2021,CHL,54,72.11,Amériques,5.56,South America
Chile,2022,CHL,82,60.61,Amériques,6.67,South America
China,2013,CHN,173,26.93,Asie-Pacifique,3.89,Asia
China,2014,CHN,175,27.09,Asie-Pacifique,3.89,Asia
China,2015,CHN,176,26.45,Asie-Pacifique,3.33,Asia
China,2016,CHN,176,19.04,Asie-Pacifique,3.33,Asia
China,2017,CHN,176,22.34,Asie-Pacifique,2.78,Asia
China,2018,CHN,176,21.71,Asie-Pacifique,3.89,Asia
China,2019,CHN,177,21.08,Asie-Pacifique,3.33,Asia
China,2020,CHN,177,21.52,Asie-Pacifique,2.78,Asia
China,2021,CHN,177,21.28,Asie-Pacifique,2.78,Asia
China,2022,CHN,175,25.17,Asie-Pacifique,2.78,Asia
Colombia,2013,COL,129,62.52,Amériques,3.89,South America
Colombia,2014,COL,126,63.32,Amériques,3.89,South America
Colombia,2015,COL,128,60.92,Amériques,3.89,South America
Colombia,2016,COL,134,55.89,Amériques,4.44,South America
Colombia,2017,COL,129,58.53,Amériques,4.44,South America
Colombia,2018,COL,130,58.97,Amériques,5,South America
Colombia,2019,COL,129,57.18,Amériques,5.56,South America
Colombia,2020,COL,130,57.34,Amériques,6.67,South America
Colombia,2021,COL,134,56.26,Amériques,6.11,South America
Colombia,2022,COL,145,42.43,Amériques,6.67,South America
Comoros,2013,COM,51,75.48,Afrique,3.89,Africa
Comoros,2014,COM,53,75.48,Afrique,3.89,Africa
Comoros,2015,COM,50,75.48,Afrique,4.44,Africa
Comoros,2016,COM,50,75.67,Afrique,4.44,Africa
Comoros,2017,COM,44,75.67,Afrique,4.44,Africa
Comoros,2018,COM,49,74.7,Afrique,4.44,Africa
Comoros,2019,COM,56,72.09,Afrique,3.89,Africa
Comoros,2020,COM,75,70.23,Afrique,3.89,Africa
Comoros,2021,COM,84,69.35,Afrique,4.44,Africa
Comoros,2022,COM,83,60.16,Afrique,4.44,Africa
Congo,2013,COG,76,71.8,Afrique,3.33,Africa
Congo,2014,COG,82,70.56,Afrique,3.33,Africa
Congo,2015,COG,107,67,Afrique,3.33,Africa
Congo,2016,COG,115,64.16,Afrique,3.33,Africa
Congo,2017,COG,115,63.27,Afrique,3.89,Africa
Congo,2018,COG,114,64.58,Afrique,3.89,Africa
Congo,2019,COG,117,63.96,Afrique,3.89,Africa
Congo,2020,COG,118,63.44,Afrique,3.89,Africa
Congo,2021,COG,118,61.17,Afrique,4.44,Africa
Congo,2022,COG,93,58.64,Afrique,4.44,Africa
Costa Rica,2013,CRI,18,87.92,Amériques,6.11,North America
Costa Rica,2014,CRI,21,87.77,Amériques,6.11,North America
Costa Rica,2015,CRI,16,87.74,Amériques,6.11,North America
Costa Rica,2016,CRI,6,88.9,Amériques,6.11,North America
Costa Rica,2017,CRI,6,88.07,Amériques,6.67,North America
Costa Rica,2018,CRI,10,85.99,Amériques,6.67,North America
Costa Rica,2019,CRI,10,87.76,Amériques,6.67,North America
Costa Rica,2020,CRI,7,89.47,Amériques,7.220000000000001,North America
Costa Rica,2021,CRI,5,91.24,Amériques,7.78,North America
Costa Rica,2022,CRI,8,85.92,Amériques,7.78,North America
Cote d'Ivoire,2013,CIV,96,70.23,Afrique,5,Africa
Cote d'Ivoire,2014,CIV,101,68.37,Afrique,5,Africa
Cote d'Ivoire,2015,CIV,86,69.55,Afrique,3.89,Africa
Cote d'Ivoire,2016,CIV,86,69.83,Afrique,3.33,Africa
Cote d'Ivoire,2017,CIV,81,69.58,Afrique,3.33,Africa
Cote d'Ivoire,2018,CIV,82,69.92,Afrique,3.33,Africa
Cote d'Ivoire,2019,CIV,71,70.48,Afrique,3.33,Africa
Cote d'Ivoire,2020,CIV,68,71.06,Afrique,3.89,Africa
Cote d'Ivoire,2021,CIV,66,71.13,Afrique,4.44,Africa
Cote d'Ivoire,2022,CIV,37,74.46,Afrique,4.44,Africa
Croatia,2013,HRV,64,73.39,UE Balkans,5.56,Europe
Croatia,2014,HRV,65,73.18,UE Balkans,5.56,Europe
Croatia,2015,HRV,58,73.88,UE Balkans,5.56,Europe
Croatia,2016,HRV,63,72.09,UE Balkans,5.56,Europe
Croatia,2017,HRV,74,70.41,UE Balkans,5.56,Europe
Croatia,2018,HRV,69,71.06,UE Balkans,5.56,Europe
Croatia,2019,HRV,64,70.97,UE Balkans,5.56,Europe
Croatia,2020,HRV,59,71.49,UE Balkans,6.11,Europe
Croatia,2021,HRV,56,72.05,UE Balkans,6.11,Europe
Croatia,2022,HRV,48,70.42,Europe - Asie centrale,6.11,Europe
Cuba,2013,CUB,171,28.36,Amériques,3.89,North America
Cuba,2014,CUB,170,29.08,Amériques,3.89,North America
Cuba,2015,CUB,169,29.79,Amériques,3.89,North America
Cuba,2016,CUB,171,29.77,Amériques,3.89,North America
Cuba,2017,CUB,173,28.25,Amériques,3.89,North America
Cuba,2018,CUB,172,31.1,Amériques,3.33,North America
Cuba,2019,CUB,169,36.19,Amériques,3.33,North America
Cuba,2020,CUB,171,36.19,Amériques,3.33,North America
Cuba,2021,CUB,171,36.06,Amériques,3.33,North America
Cuba,2022,CUB,173,27.32,Amériques,3.33,North America
Cyprus,2013,CYP,24,86.17,UE Balkans,6.11,Europe
Cyprus,2014,CYP,25,85.55,UE Balkans,6.67,Europe
Cyprus,2015,CYP,24,83.48,UE Balkans,6.67,Europe
Cyprus,2016,CYP,27,81.74,UE Balkans,6.67,Europe
Cyprus,2017,CYP,30,80.21,UE Balkans,6.67,Europe
Cyprus,2018,CYP,25,80.15,UE Balkans,6.67,Europe
Cyprus,2019,CYP,28,78.26,UE Balkans,6.67,Europe
Cyprus,2020,CYP,27,79.55,UE Balkans,7.220000000000001,Europe
Cyprus,2021,CYP,26,80.15,UE Balkans,7.22,Europe
Cyprus,2022,CYP,65,65.97,Europe - Asie centrale,6.67,Europe
Czechia,2013,CZE,16,89.83,UE Balkans,6.67,Europe
Czechia,2014,CZE,13,89.93,UE Balkans,6.67,Europe
Czechia,2015,CZE,13,88.38,UE Balkans,6.67,Europe
Czechia,2016,CZE,21,83.34,UE Balkans,6.67,Europe
Czechia,2017,CZE,23,83.09,UE Balkans,6.67,Europe
Czechia,2018,CZE,34,78.11,UE Balkans,6.67,Europe
Czechia,2019,CZE,40,75.11,UE Balkans,6.67,Europe
Czechia,2020,CZE,40,76.43,UE Balkans,6.67,Europe
Czechia,2021,CZE,40,76.62,UE Balkans,6.67,Europe
Czechia,2022,CZE,20,80.54,Europe - Asie centrale,7.22,Europe
Democratic Republic of Congo,2013,COD,142,58.34,Afrique,2.22,Africa
Democratic Republic of Congo,2014,COD,151,55.36,Afrique,2.22,Africa
Democratic Republic of Congo,2015,COD,150,55.69,Afrique,2.78,Africa
Democratic Republic of Congo,2016,COD,152,49.03,Afrique,2.78,Africa
Democratic Republic of Congo,2017,COD,154,47.33,Afrique,2.22,Africa
Democratic Republic of Congo,2018,COD,154,48.4,Afrique,2.22,Africa
Democratic Republic of Congo,2019,COD,154,48.29,Afrique,1.67,Africa
Democratic Republic of Congo,2020,COD,150,50.91,Afrique,1.67,Africa
Democratic Republic of Congo,2021,COD,149,51.41,Afrique,2.22,Africa
Democratic Republic of Congo,2022,COD,125,47.66,Afrique,2.22,Africa
Denmark,2013,DNK,6,92.92,UE Balkans,8.89,Europe
Denmark,2014,DNK,7,92.57,UE Balkans,8.33,Europe
Denmark,2015,DNK,3,91.76,UE Balkans,8.33,Europe
Denmark,2016,DNK,4,91.11,UE Balkans,8.33,Europe
Denmark,2017,DNK,4,89.64,UE Balkans,8.33,Europe
Denmark,2018,DNK,9,86.01,UE Balkans,8.33,Europe
Denmark,2019,DNK,5,90.13,UE Balkans,8.33,Europe
Denmark,2020,DNK,3,91.87,UE Balkans,8.33,Europe
Denmark,2021,DNK,4,91.43,UE Balkans,8.33,Europe
Denmark,2022,DNK,2,90.27,Europe - Asie centrale,8.33,Europe
Djibouti,2013,DJI,167,32.6,Afrique,3.33,Africa
Djibouti,2014,DJI,169,29.66,Afrique,3.33,Africa
Djibouti,2015,DJI,170,28.96,Afrique,3.33,Africa
Djibouti,2016,DJI,172,29.1,Afrique,3.33,Africa
Djibouti,2017,DJI,172,29.46,Afrique,3.33,Africa
Djibouti,2018,DJI,173,29.23,Afrique,3.89,Africa
Djibouti,2019,DJI,173,28.64,Afrique,3.89,Africa
Djibouti,2020,DJI,176,23.27,Afrique,3.89,Africa
Djibouti,2021,DJI,176,21.38,Afrique,4.44,Africa
Djibouti,2022,DJI,164,35.75,Afrique,4.44,Africa
Dominican Republic,2013,DOM,80,71.66,Amériques,5,North America
Dominican Republic,2014,DOM,68,72.83,Amériques,5,North America
Dominican Republic,2015,DOM,63,72.69,Amériques,5,North America
Dominican Republic,2016,DOM,62,72.1,Amériques,5,North America
Dominican Republic,2017,DOM,59,73.24,Amériques,6.11,North America
Dominican Republic,2018,DOM,59,73.21,Amériques,6.11,North America
Dominican Republic,2019,DOM,55,72.1,Amériques,6.11,North America
Dominican Republic,2020,DOM,55,72.1,Amériques,6.11,North America
Dominican Republic,2021,DOM,50,74.4,Amériques,6.67,North America
Dominican Republic,2022,DOM,30,76.9,Amériques,7.22,North America
East Timor,2013,TLS,90,71.28,Asie-Pacifique,5.56,Asia
East Timor,2014,TLS,77,70.96,Asie-Pacifique,5.56,Asia
East Timor,2015,TLS,103,67.37,Asie-Pacifique,5.56,Asia
East Timor,2016,TLS,99,67.98,Asie-Pacifique,5.56,Asia
East Timor,2017,TLS,98,67.18,Asie-Pacifique,5.56,Asia
East Timor,2018,TLS,95,69.19,Asie-Pacifique,5.56,Asia
East Timor,2019,TLS,84,70.07,Asie-Pacifique,5.56,Asia
East Timor,2020,TLS,78,70.1,Asie-Pacifique,5.56,Asia
East Timor,2021,TLS,71,70.89,Asie-Pacifique,5.56,Asia
East Timor,2022,TLS,17,81.89,Asie-Pacifique,5.56,Asia
Ecuador,2013,ECU,119,65.31,Amériques,5,South America
Ecuador,2014,ECU,95,68.84,Amériques,5,South America
Ecuador,2015,ECU,108,66.35,Amériques,5,South America
Ecuador,2016,ECU,109,66.79,Amériques,5,South America
Ecuador,2017,ECU,105,66.36,Amériques,5.56,South America
Ecuador,2018,ECU,92,69.44,Amériques,6.11,South America
Ecuador,2019,ECU,97,68.12,Amériques,6.11,South America
Ecuador,2020,ECU,98,67.38,Amériques,6.67,South America
Ecuador,2021,ECU,96,67.17,Amériques,6.11,South America
Ecuador,2022,ECU,68,64.61,Amériques,6.67,South America
Egypt,2013,EGY,158,51.34,MENA,5,Africa
Egypt,2014,EGY,159,48.11,MENA,5,Africa
Egypt,2015,EGY,158,49.83,MENA,3.33,Africa
Egypt,2016,EGY,159,45.55,MENA,3.33,Africa
Egypt,2017,EGY,161,44.22,MENA,3.33,Africa
Egypt,2018,EGY,161,43.28,MENA,3.33,Africa
Egypt,2019,EGY,163,43.53,MENA,3.33,Africa
Egypt,2020,EGY,166,43.18,MENA,3.33,Africa
Egypt,2021,EGY,166,43.83,MENA,3.33,Africa
Egypt,2022,EGY,168,30.23,Maghreb - Moyen-Orient,3.33,Africa
El Salvador,2013,SLV,38,77.14,Amériques,3.89,North America
El Salvador,2014,SLV,38,78.43,Amériques,3.89,North America
El Salvador,2015,SLV,45,76.34,Amériques,4.44,North America
El Salvador,2016,SLV,58,72.8,Amériques,4.44,North America
El Salvador,2017,SLV,62,72.76,Amériques,5.56,North America
El Salvador,2018,SLV,66,72.22,Amériques,5.56,North America
El Salvador,2019,SLV,81,70.19,Amériques,6.11,North America
El Salvador,2020,SLV,74,70.3,Amériques,6.11,North America
El Salvador,2021,SLV,82,69.51,Amériques,5.56,North America
El Salvador,2022,SLV,112,54.09,Amériques,5.56,North America
Equatorial Guinea,2013,GNQ,166,32.8,Afrique,2.22,Africa
Equatorial Guinea,2014,GNQ,168,32.05,Afrique,1.67,Africa
Equatorial Guinea,2015,GNQ,167,33.77,Afrique,2.22,Africa
Equatorial Guinea,2016,GNQ,168,33.53,Afrique,2.22,Africa
Equatorial Guinea,2017,GNQ,171,33.53,Afrique,2.78,Africa
Equatorial Guinea,2018,GNQ,171,33.53,Afrique,3.33,Africa
Equatorial Guinea,2019,GNQ,165,41.65,Afrique,3.33,Africa
Equatorial Guinea,2020,GNQ,165,43.62,Afrique,3.33,Africa
Equatorial Guinea,2021,GNQ,164,44.33,Afrique,3.33,Africa
Equatorial Guinea,2022,GNQ,141,43.96,Afrique,3.33,Africa
Eritrea,2013,ERI,179,15.17,Afrique,1.11,Africa
Eritrea,2014,ERI,180,15.17,Afrique,1.67,Africa
Eritrea,2015,ERI,180,15.14,Afrique,1.67,Africa
Eritrea,2016,ERI,180,16.08,Afrique,1.67,Africa
Eritrea,2017,ERI,179,15.76,Afrique,1.67,Africa
Eritrea,2018,ERI,179,15.76,Afrique,1.67,Africa
Eritrea,2019,ERI,178,19.74,Afrique,1.67,Africa
Eritrea,2020,ERI,178,16.5,Afrique,0.56,Africa
Eritrea,2021,ERI,180,18.55,Afrique,0.56,Africa
Eritrea,2022,ERI,179,19.62,Afrique,0.56,Africa
Estonia,2013,EST,11,90.74,UE Balkans,5,Europe
Estonia,2014,EST,11,90.37,UE Balkans,5.56,Europe
Estonia,2015,EST,10,88.81,UE Balkans,6.11,Europe
Estonia,2016,EST,14,85.69,UE Balkans,6.11,Europe
Estonia,2017,EST,12,86.45,UE Balkans,6.11,Europe
Estonia,2018,EST,12,85.92,UE Balkans,6.67,Europe
Estonia,2019,EST,11,87.73,UE Balkans,6.67,Europe
Estonia,2020,EST,14,87.39,UE Balkans,6.67,Europe
Estonia,2021,EST,15,84.75,UE Balkans,6.67,Europe
Estonia,2022,EST,4,88.83,Europe - Asie centrale,6.67,Europe
Eswatini,2013,SWZ,155,53.24,Afrique,2.78,Africa
Eswatini,2014,SWZ,156,53.24,Afrique,2.22,Africa
Eswatini,2015,SWZ,155,52.72,Afrique,2.22,Africa
Eswatini,2016,SWZ,153,47.63,Afrique,2.22,Africa
Eswatini,2017,SWZ,152,48.73,Afrique,2.22,Africa
Eswatini,2018,SWZ,152,48.54,Afrique,2.22,Africa
Eswatini,2019,SWZ,147,50.91,Afrique,2.78,Africa
Eswatini,2020,SWZ,141,54.85,Afrique,2.78,Africa
Eswatini,2021,SWZ,141,53.66,Afrique,2.78,Africa
Eswatini,2022,SWZ,131,46.42,Afrique,2.78,Africa
Ethiopia,2013,ETH,137,60.43,Afrique,5.56,Africa
Ethiopia,2014,ETH,143,59.42,Afrique,5.56,Africa
Ethiopia,2015,ETH,142,58.17,Afrique,6.11,Africa
Ethiopia,2016,ETH,142,54.87,Afrique,5.56,Africa
Ethiopia,2017,ETH,150,49.66,Afrique,5.56,Africa
Ethiopia,2018,ETH,150,49.83,Afrique,5.56,Africa
Ethiopia,2019,ETH,110,64.89,Afrique,5.56,Africa
Ethiopia,2020,ETH,99,67.18,Afrique,5.56,Africa
Ethiopia,2021,ETH,101,66.37,Afrique,6.11,Africa
Ethiopia,2022,ETH,114,50.53,Afrique,6.11,Africa
Fiji,2013,FJI,107,67.31,Asie-Pacifique,3.89,Oceania
Fiji,2014,FJI,107,67.43,Asie-Pacifique,6.67,Oceania
Fiji,2015,FJI,93,68.72,Asie-Pacifique,6.67,Oceania
Fiji,2016,FJI,80,70.63,Asie-Pacifique,6.67,Oceania
Fiji,2017,FJI,67,71.36,Asie-Pacifique,6.11,Oceania
Fiji,2018,FJI,57,73.45,Asie-Pacifique,6.11,Oceania
Fiji,2019,FJI,52,72.82,Asie-Pacifique,6.11,Oceania
Fiji,2020,FJI,52,72.59,Asie-Pacifique,6.11,Oceania
Fiji,2021,FJI,55,72.08,Asie-Pacifique,5.56,Oceania
Fiji,2022,FJI,102,56.91,Asie-Pacifique,5.56,Oceania
Finland,2013,FIN,1,93.62,UE Balkans,7.779999999999999,Europe
Finland,2014,FIN,1,93.6,UE Balkans,7.779999999999999,Europe
Finland,2015,FIN,1,92.48,UE Balkans,7.779999999999999,Europe
Finland,2016,FIN,1,91.41,UE Balkans,7.779999999999999,Europe
Finland,2017,FIN,3,91.08,UE Balkans,7.779999999999999,Europe
Finland,2018,FIN,4,89.74,UE Balkans,8.33,Europe
Finland,2019,FIN,2,92.1,UE Balkans,8.89,Europe
Finland,2020,FIN,2,92.07,UE Balkans,8.89,Europe
Finland,2021,FIN,2,93.01,UE Balkans,8.89,Europe
Finland,2022,FIN,5,88.42,Europe - Asie centrale,8.33,Europe
France,2013,FRA,37,78.4,UE Balkans,7.220000000000001,Europe
France,2014,FRA,39,78.11,UE Balkans,7.779999999999999,Europe
France,2015,FRA,38,78.85,UE Balkans,7.779999999999999,Europe
France,2016,FRA,45,76.17,UE Balkans,7.779999999999999,Europe
France,2017,FRA,39,77.76,UE Balkans,7.779999999999999,Europe
France,2018,FRA,33,78.13,UE Balkans,7.779999999999999,Europe
France,2019,FRA,32,77.79,UE Balkans,7.779999999999999,Europe
France,2020,FRA,34,77.08,UE Balkans,7.779999999999999,Europe
France,2021,FRA,34,77.4,UE Balkans,7.78,Europe
France,2022,FRA,26,78.53,Europe - Asie centrale,7.78,Europe
Gabon,2013,GAB,89,71.31,Afrique,4.44,Africa
Gabon,2014,GAB,98,68.68,Afrique,4.44,Africa
Gabon,2015,GAB,95,68.62,Afrique,4.44,Africa
Gabon,2016,GAB,100,67.8,Afrique,4.44,Africa
Gabon,2017,GAB,108,65.17,Afrique,4.44,Africa
Gabon,2018,GAB,108,67.63,Afrique,4.44,Africa
Gabon,2019,GAB,115,64.4,Afrique,4.44,Africa
Gabon,2020,GAB,121,62.8,Afrique,4.44,Africa
Gabon,2021,GAB,117,61.4,Afrique,4.44,Africa
Gabon,2022,GAB,105,56,Afrique,4.44,Africa
Gambia,2013,GMB,152,54.91,Afrique,2.22,Africa
Gambia,2014,GMB,155,53.58,Afrique,2.22,Africa
Gambia,2015,GMB,151,55.5,Afrique,2.22,Africa
Gambia,2016,GMB,145,53.47,Afrique,2.22,Africa
Gambia,2017,GMB,143,53.3,Afrique,3.33,Africa
Gambia,2018,GMB,122,61.64,Afrique,3.33,Africa
Gambia,2019,GMB,92,68.65,Afrique,3.33,Africa
Gambia,2020,GMB,87,69.38,Afrique,4.44,Africa
Gambia,2021,GMB,85,69.24,Afrique,4.44,Africa
Gambia,2022,GMB,50,69.25,Afrique,3.89,Africa
Georgia,2013,GEO,100,69.91,EEAC,5.56,Asia
Georgia,2014,GEO,84,70.22,EEAC,5.56,Asia
Georgia,2015,GEO,69,72.3,EEAC,5.56,Asia
Georgia,2016,GEO,64,72.04,EEAC,6.11,Asia
Georgia,2017,GEO,64,72.24,EEAC,6.11,Asia
Georgia,2018,GEO,61,72.66,EEAC,6.11,Asia
Georgia,2019,GEO,60,71.02,EEAC,6.11,Asia
Georgia,2020,GEO,60,71.41,EEAC,6.11,Asia
Georgia,2021,GEO,60,71.36,EEAC,5.56,Asia
Georgia,2022,GEO,89,59.3,Europe - Asie centrale,6.11,Asia
Germany,2013,DEU,17,89.76,UE Balkans,7.220000000000001,Europe
Germany,2014,DEU,14,89.77,UE Balkans,7.779999999999999,Europe
Germany,2015,DEU,12,88.53,UE Balkans,7.779999999999999,Europe
Germany,2016,DEU,16,85.2,UE Balkans,7.779999999999999,Europe
Germany,2017,DEU,16,85.03,UE Balkans,8.33,Europe
Germany,2018,DEU,15,85.61,UE Balkans,8.33,Europe
Germany,2019,DEU,13,85.4,UE Balkans,8.33,Europe
Germany,2020,DEU,11,87.84,UE Balkans,8.33,Europe
Germany,2021,DEU,13,84.76,UE Balkans,8.33,Europe
Germany,2022,DEU,16,82.04,Europe - Asie centrale,8.33,Europe
Ghana,2013,GHA,30,82.73,Afrique,5.56,Africa
Ghana,2014,GHA,27,83.71,Afrique,5.56,Africa
Ghana,2015,GHA,22,84.5,Afrique,6.67,Africa
Ghana,2016,GHA,26,82.05,Afrique,6.11,Africa
Ghana,2017,GHA,26,82.05,Afrique,6.67,Africa
Ghana,2018,GHA,23,81.59,Afrique,6.67,Africa
Ghana,2019,GHA,27,79.19,Afrique,6.67,Africa
Ghana,2020,GHA,30,77.74,Afrique,6.67,Africa
Ghana,2021,GHA,30,78.67,Afrique,6.67,Africa
Ghana,2022,GHA,60,67.43,Afrique,6.67,Africa
Greece,2013,GRC,84,71.54,UE Balkans,6.67,Europe
Greece,2014,GRC,99,68.67,UE Balkans,6.67,Europe
Greece,2015,GRC,91,68.99,UE Balkans,6.67,Europe
Greece,2016,GRC,89,69.65,UE Balkans,6.11,Europe
Greece,2017,GRC,88,69.11,UE Balkans,6.11,Europe
Greece,2018,GRC,74,70.81,UE Balkans,6.11,Europe
Greece,2019,GRC,65,70.92,UE Balkans,6.67,Europe
Greece,2020,GRC,65,71.2,UE Balkans,6.11,Europe
Greece,2021,GRC,70,70.99,UE Balkans,6.11,Europe
Greece,2022,GRC,108,55.52,Europe - Asie centrale,6.67,Europe
Guatemala,2013,GTM,95,70.61,Amériques,3.33,North America
Guatemala,2014,GTM,125,63.39,Amériques,3.33,North America
Guatemala,2015,GTM,124,62.08,Amériques,3.89,North America
Guatemala,2016,GTM,121,61.97,Amériques,3.89,North America
Guatemala,2017,GTM,118,60.67,Amériques,3.89,North America
Guatemala,2018,GTM,116,63.83,Amériques,3.89,North America
Guatemala,2019,GTM,116,64.06,Amériques,3.89,North America
Guatemala,2020,GTM,116,64.26,Amériques,5,North America
Guatemala,2021,GTM,116,61.55,Amériques,3.89,North America
Guatemala,2022,GTM,124,47.94,Amériques,3.89,North America
Guinea,2013,GIN,86,71.51,Afrique,3.89,Africa
Guinea,2014,GIN,102,68.33,Afrique,4.44,Africa
Guinea,2015,GIN,102,67.44,Afrique,4.44,Africa
Guinea,2016,GIN,108,66.92,Afrique,4.44,Africa
Guinea,2017,GIN,101,66.85,Afrique,4.44,Africa
Guinea,2018,GIN,104,68.1,Afrique,4.44,Africa
Guinea,2019,GIN,107,66.51,Afrique,4.44,Africa
Guinea,2020,GIN,110,65.66,Afrique,4.44,Africa
Guinea,2021,GIN,109,64.58,Afrique,3.33,Africa
Guinea,2022,GIN,84,59.82,Afrique,3.33,Africa
Guinea-Bissau,2013,GNB,92,71.06,Afrique,1.67,Africa
Guinea-Bissau,2014,GNB,86,69.95,Afrique,2.78,Africa
Guinea-Bissau,2015,GNB,81,71.3,Afrique,2.78,Africa
Guinea-Bissau,2016,GNB,79,70.97,Afrique,2.78,Africa
Guinea-Bissau,2017,GNB,77,69.91,Afrique,2.78,Africa
Guinea-Bissau,2018,GNB,83,69.91,Afrique,2.78,Africa
Guinea-Bissau,2019,GNB,89,69.05,Afrique,2.78,Africa
Guinea-Bissau,2020,GNB,94,67.94,Afrique,2.78,Africa
Guinea-Bissau,2021,GNB,95,67.32,Afrique,3.33,Africa
Guinea-Bissau,2022,GNB,92,58.79,Afrique,3.33,Africa
Guyana,2013,GUY,69,72.92,Amériques,5.56,South America
Guyana,2014,GUY,67,72.92,Amériques,5.56,South America
Guyana,2015,GUY,62,72.79,Amériques,5.56,South America
Guyana,2016,GUY,57,72.93,Amériques,6.11,South America
Guyana,2017,GUY,60,73.2,Amériques,6.11,South America
Guyana,2018,GUY,55,73.75,Amériques,6.11,South America
Guyana,2019,GUY,51,73.37,Amériques,6.11,South America
Guyana,2020,GUY,49,73.37,Amériques,6.11,South America
Guyana,2021,GUY,51,74.39,Amériques,5.56,South America
Guyana,2022,GUY,34,76.41,Amériques,6.67,South America
Haiti,2013,HTI,49,75.91,Amériques,2.22,North America
Haiti,2014,HTI,47,76.47,Amériques,2.22,North America
Haiti,2015,HTI,53,74.92,Amériques,2.22,North America
Haiti,2016,HTI,53,75.34,Amériques,2.22,North America
Haiti,2017,HTI,53,73.64,Amériques,2.22,North America
Haiti,2018,HTI,60,73.18,Amériques,3.89,North America
Haiti,2019,HTI,62,71,Amériques,3.89,North America
Haiti,2020,HTI,83,69.8,Amériques,2.78,North America
Haiti,2021,HTI,87,68.88,Amériques,2.78,North America
Haiti,2022,HTI,70,64.55,Amériques,2.78,North America
Honduras,2013,HND,127,63.08,Amériques,3.89,North America
Honduras,2014,HND,129,62.86,Amériques,3.89,North America
Honduras,2015,HND,132,60.73,Amériques,3.89,North America
Honduras,2016,HND,137,55.38,Amériques,3.89,North America
Honduras,2017,HND,140,56.25,Amériques,4.44,North America
Honduras,2018,HND,141,54.77,Amériques,4.44,North America
Honduras,2019,HND,146,51.47,Amériques,4.44,North America
Honduras,2020,HND,148,51.8,Amériques,4.44,North America
Honduras,2021,HND,151,50.65,Amériques,4.44,North America
Honduras,2022,HND,165,34.61,Amériques,5,North America
Hong Kong,2013,HKG,58,73.84,Asie-Pacifique,5,Asia
Hong Kong,2014,HKG,61,73.45,Asie-Pacifique,5.56,Asia
Hong Kong,2015,HKG,70,72.24,Asie-Pacifique,5.56,Asia
Hong Kong,2016,HKG,69,71.5,Asie-Pacifique,5.56,Asia
Hong Kong,2017,HKG,73,70.54,Asie-Pacifique,5.56,Asia
Hong Kong,2018,HKG,70,70.96,Asie-Pacifique,5.56,Asia
Hong Kong,2019,HKG,73,70.35,Asie-Pacifique,6.11,Asia
Hong Kong,2020,HKG,80,69.99,Asie-Pacifique,5,Asia
Hong Kong,2021,HKG,80,69.56,Asie-Pacifique,5.56,Asia
Hong Kong,2022,HKG,148,41.64,Asie-Pacifique,5.56,Asia
Hungary,2013,HUN,56,73.91,UE Balkans,4.44,Europe
Hungary,2014,HUN,64,73.27,UE Balkans,4.44,Europe
Hungary,2015,HUN,65,72.56,UE Balkans,4.44,Europe
Hungary,2016,HUN,67,71.83,UE Balkans,4.44,Europe
Hungary,2017,HUN,71,70.99,UE Balkans,4.44,Europe
Hungary,2018,HUN,73,70.89,UE Balkans,5,Europe
Hungary,2019,HUN,87,69.56,UE Balkans,5,Europe
Hungary,2020,HUN,89,69.16,UE Balkans,5,Europe
Hungary,2021,HUN,92,68.24,UE Balkans,5,Europe
Hungary,2022,HUN,85,59.8,Europe - Asie centrale,4.44,Europe
Iceland,2013,ISL,9,91.51,UE Balkans,8.89,Europe
Iceland,2014,ISL,8,91.5,UE Balkans,8.89,Europe
Iceland,2015,ISL,21,86.13,UE Balkans,8.89,Europe
Iceland,2016,ISL,19,84.7,UE Balkans,8.89,Europe
Iceland,2017,ISL,10,86.97,UE Balkans,8.89,Europe
Iceland,2018,ISL,13,85.9,UE Balkans,8.89,Europe
Iceland,2019,ISL,14,85.29,UE Balkans,8.89,Europe
Iceland,2020,ISL,15,84.88,UE Balkans,8.89,Europe
Iceland,2021,ISL,16,84.63,UE Balkans,8.89,Europe
Iceland,2022,ISL,15,82.69,Europe - Asie centrale,8.89,Europe
India,2013,IND,140,58.78,Asie-Pacifique,6.67,Asia
India,2014,IND,140,59.66,Asie-Pacifique,7.220000000000001,Asia
India,2015,IND,136,59.51,Asie-Pacifique,7.220000000000001,Asia
India,2016,IND,133,56.83,Asie-Pacifique,7.220000000000001,Asia
India,2017,IND,136,57.06,Asie-Pacifique,7.220000000000001,Asia
India,2018,IND,138,56.76,Asie-Pacifique,7.220000000000001,Asia
India,2019,IND,140,54.33,Asie-Pacifique,6.67,Asia
India,2020,IND,142,54.67,Asie-Pacifique,6.67,Asia
India,2021,IND,142,53.44,Asie-Pacifique,7.22,Asia
India,2022,IND,150,41,Asie-Pacifique,7.22,Asia
Indonesia,2013,IDN,139,58.95,Asie-Pacifique,6.67,Asia
Indonesia,2014,IDN,132,61.85,Asie-Pacifique,6.67,Asia
Indonesia,2015,IDN,138,59.25,Asie-Pacifique,6.67,Asia
Indonesia,2016,IDN,130,58.28,Asie-Pacifique,6.67,Asia
Indonesia,2017,IDN,124,60.07,Asie-Pacifique,6.67,Asia
Indonesia,2018,IDN,124,60.32,Asie-Pacifique,6.67,Asia
Indonesia,2019,IDN,124,63.23,Asie-Pacifique,6.11,Asia
Indonesia,2020,IDN,119,63.18,Asie-Pacifique,6.11,Asia
Indonesia,2021,IDN,113,62.6,Asie-Pacifique,7.22,Asia
Indonesia,2022,IDN,117,49.27,Asie-Pacifique,7.22,Asia
Iran,2013,IRN,174,26.6,MENA,2.78,Asia
Iran,2014,IRN,173,27.71,MENA,2.78,Asia
Iran,2015,IRN,173,27.68,MENA,3.33,Asia
Iran,2016,IRN,169,33.48,MENA,3.89,Asia
Iran,2017,IRN,165,34.88,MENA,4.44,Asia
Iran,2018,IRN,164,39.29,MENA,4.44,Asia
Iran,2019,IRN,170,35.59,MENA,4.44,Asia
Iran,2020,IRN,173,35.19,MENA,3.89,Asia
Iran,2021,IRN,174,27.3,MENA,3.89,Asia
Iran,2022,IRN,178,23.22,Maghreb - Moyen-Orient,3.33,Asia
Iraq,2013,IRQ,150,55.33,MENA,7.220000000000001,Asia
Iraq,2014,IRQ,153,54.56,MENA,7.220000000000001,Asia
Iraq,2015,IRQ,156,52.24,MENA,7.220000000000001,Asia
Iraq,2016,IRQ,158,45.65,MENA,7.220000000000001,Asia
Iraq,2017,IRQ,158,45.97,MENA,7.220000000000001,Asia
Iraq,2018,IRQ,160,43.44,MENA,6.67,Asia
Iraq,2019,IRQ,156,47.4,MENA,6.67,Asia
Iraq,2020,IRQ,162,44.63,MENA,6.67,Asia
Iraq,2021,IRQ,163,44.43,MENA,6.11,Asia
Iraq,2022,IRQ,172,28.59,Maghreb - Moyen-Orient,6.11,Asia
Ireland,2013,IRL,15,89.94,UE Balkans,7.220000000000001,Europe
Ireland,2014,IRL,16,89.13,UE Balkans,7.779999999999999,Europe
Ireland,2015,IRL,11,88.8,UE Balkans,7.779999999999999,Europe
Ireland,2016,IRL,9,87.6,UE Balkans,8.33,Europe
Ireland,2017,IRL,14,85.92,UE Balkans,8.33,Europe
Ireland,2018,IRL,16,85.41,UE Balkans,8.33,Europe
Ireland,2019,IRL,15,85,UE Balkans,8.33,Europe
Ireland,2020,IRL,13,87.4,UE Balkans,8.33,Europe
Ireland,2021,IRL,12,88.09,UE Balkans,8.33,Europe
Ireland,2022,IRL,6,88.3,Europe - Asie centrale,8.33,Europe
Israel,2013,ISR,112,67.03,MENA,8.33,Asia
Israel,2014,ISR,96,68.81,MENA,8.89,Asia
Israel,2015,ISR,101,67.91,MENA,8.89,Asia
Israel,2016,ISR,101,67.42,MENA,8.89,Asia
Israel,2017,ISR,91,68.99,MENA,8.89,Asia
Israel,2018,ISR,87,69.74,MENA,8.89,Asia
Israel,2019,ISR,88,69.2,MENA,8.89,Asia
Israel,2020,ISR,88,69.16,MENA,9.44,Asia
Israel,2021,ISR,86,69.1,MENA,10,Asia
Israel,2022,ISR,86,59.62,Maghreb - Moyen-Orient,9.44,Asia
Italy,2013,ITA,57,73.89,UE Balkans,7.220000000000001,Europe
Italy,2014,ITA,49,76.25,UE Balkans,7.220000000000001,Europe
Italy,2015,ITA,73,72.06,UE Balkans,7.220000000000001,Europe
Italy,2016,ITA,77,71.07,UE Balkans,7.220000000000001,Europe
Italy,2017,ITA,52,73.74,UE Balkans,7.220000000000001,Europe
Italy,2018,ITA,46,75.88,UE Balkans,7.779999999999999,Europe
Italy,2019,ITA,43,75.02,UE Balkans,7.779999999999999,Europe
Italy,2020,ITA,41,76.31,UE Balkans,7.220000000000001,Europe
Italy,2021,ITA,41,76.61,UE Balkans,7.22,Europe
Italy,2022,ITA,58,68.16,Europe - Asie centrale,7.22,Europe
Jamaica,2013,JAM,13,90.12,Amériques,5,North America
Jamaica,2014,JAM,17,89.1,Amériques,5,North America
Jamaica,2015,JAM,9,88.82,Amériques,5,North America
Jamaica,2016,JAM,10,87.55,Amériques,5,North America
Jamaica,2017,JAM,8,87.27,Amériques,4.44,North America
Jamaica,2018,JAM,6,88.67,Amériques,4.44,North America
Jamaica,2019,JAM,8,88.87,Amériques,4.44,North America
Jamaica,2020,JAM,6,89.49,Amériques,5,North America
Jamaica,2021,JAM,7,90.04,Amériques,5,North America
Jamaica,2022,JAM,12,83.35,Amériques,5,North America
Japan,2013,JPN,53,74.83,Asie-Pacifique,6.11,Asia
Japan,2014,JPN,59,73.98,Asie-Pacifique,6.11,Asia
Japan,2015,JPN,61,73.05,Asie-Pacifique,6.11,Asia
Japan,2016,JPN,72,71.33,Asie-Pacifique,6.67,Asia
Japan,2017,JPN,72,70.56,Asie-Pacifique,6.11,Asia
Japan,2018,JPN,67,71.36,Asie-Pacifique,6.67,Asia
Japan,2019,JPN,67,70.64,Asie-Pacifique,6.67,Asia
Japan,2020,JPN,66,71.14,Asie-Pacifique,6.67,Asia
Japan,2021,JPN,67,71.12,Asie-Pacifique,6.67,Asia
Japan,2022,JPN,71,64.37,Asie-Pacifique,6.67,Asia
Jordan,2013,JOR,134,61.53,MENA,4.44,Asia
Jordan,2014,JOR,141,59.58,MENA,4.44,Asia
Jordan,2015,JOR,143,57.93,MENA,3.89,Asia
Jordan,2016,JOR,135,55.51,MENA,3.89,Asia
Jordan,2017,JOR,138,56.76,MENA,3.89,Asia
Jordan,2018,JOR,132,58.29,MENA,3.89,Asia
Jordan,2019,JOR,130,56.89,MENA,3.89,Asia
Jordan,2020,JOR,128,57.92,MENA,3.89,Asia
Jordan,2021,JOR,129,57.11,MENA,3.89,Asia
Jordan,2022,JOR,120,48.66,Maghreb - Moyen-Orient,3.89,Asia
Kazakhstan,2013,KAZ,160,44.92,EEAC,3.89,Asia
Kazakhstan,2014,KAZ,161,45.06,EEAC,4.44,Asia
Kazakhstan,2015,KAZ,160,46.54,EEAC,4.44,Asia
Kazakhstan,2016,KAZ,160,45.45,EEAC,4.44,Asia
Kazakhstan,2017,KAZ,157,45.99,EEAC,4.44,Asia
Kazakhstan,2018,KAZ,158,45.59,EEAC,4.44,Asia
Kazakhstan,2019,KAZ,158,47.18,EEAC,4.44,Asia
Kazakhstan,2020,KAZ,157,45.89,EEAC,5,Asia
Kazakhstan,2021,KAZ,155,49.72,EEAC,5,Asia
Kazakhstan,2022,KAZ,122,48.28,Europe - Asie centrale,5,Asia
Kenya,2013,KEN,71,72.2,Afrique,6.11,Africa
Kenya,2014,KEN,90,69.3,Afrique,6.11,Africa
Kenya,2015,KEN,100,67.93,Afrique,6.67,Africa
Kenya,2016,KEN,95,68.84,Afrique,6.67,Africa
Kenya,2017,KEN,95,68.8,Afrique,6.67,Africa
Kenya,2018,KEN,96,69.18,Afrique,6.67,Africa
Kenya,2019,KEN,100,67.56,Afrique,6.67,Africa
Kenya,2020,KEN,103,66.28,Afrique,6.67,Africa
Kenya,2021,KEN,102,66.35,Afrique,6.67,Africa
Kenya,2022,KEN,69,64.59,Afrique,6.67,Africa
Kuwait,2013,KWT,77,71.72,MENA,3.89,Asia
Kuwait,2014,KWT,91,69.29,MENA,3.89,Asia
Kuwait,2015,KWT,90,69.16,MENA,3.89,Asia
Kuwait,2016,KWT,103,67.41,MENA,3.89,Asia
Kuwait,2017,KWT,104,66.39,MENA,3.89,Asia
Kuwait,2018,KWT,105,68.09,MENA,3.89,Asia
Kuwait,2019,KWT,108,66.14,MENA,3.89,Asia
Kuwait,2020,KWT,109,65.7,MENA,3.89,Asia
Kuwait,2021,KWT,105,65.64,MENA,4.44,Asia
Kuwait,2022,KWT,158,37.87,Maghreb - Moyen-Orient,4.44,Asia
Kyrgyzstan,2013,KGZ,106,67.8,EEAC,5,Asia
Kyrgyzstan,2014,KGZ,97,68.76,EEAC,6.67,Asia
Kyrgyzstan,2015,KGZ,88,69.31,EEAC,5.56,Asia
Kyrgyzstan,2016,KGZ,85,69.84,EEAC,5.56,Asia
Kyrgyzstan,2017,KGZ,89,69.08,EEAC,6.67,Asia
Kyrgyzstan,2018,KGZ,98,69,EEAC,6.67,Asia
Kyrgyzstan,2019,KGZ,83,70.08,EEAC,6.67,Asia
Kyrgyzstan,2020,KGZ,82,69.81,EEAC,5.56,Asia
Kyrgyzstan,2021,KGZ,79,69.63,EEAC,4.44,Asia
Kyrgyzstan,2022,KGZ,72,64.25,Europe - Asie centrale,4.44,Asia
Laos,2013,LAO,168,32.01,Asie-Pacifique,1.67,Asia
Laos,2014,LAO,171,28.78,Asie-Pacifique,1.67,Asia
Laos,2015,LAO,171,28.75,Asie-Pacifique,1.67,Asia
Laos,2016,LAO,173,28.42,Asie-Pacifique,1.67,Asia
Laos,2017,LAO,170,33.59,Asie-Pacifique,1.67,Asia
Laos,2018,LAO,170,33.59,Asie-Pacifique,1.67,Asia
Laos,2019,LAO,171,35.51,Asie-Pacifique,1.67,Asia
Laos,2020,LAO,172,35.72,Asie-Pacifique,1.67,Asia
Laos,2021,LAO,172,29.44,Asie-Pacifique,1.67,Asia
Laos,2022,LAO,161,36.64,Asie-Pacifique,1.67,Asia
Latvia,2013,LVA,39,77.11,UE Balkans,5.56,Europe
Latvia,2014,LVA,37,78.9,UE Balkans,6.11,Europe
Latvia,2015,LVA,28,81.88,UE Balkans,5.56,Europe
Latvia,2016,LVA,24,82.62,UE Balkans,5.56,Europe
Latvia,2017,LVA,28,81.38,UE Balkans,5.56,Europe
Latvia,2018,LVA,24,80.37,UE Balkans,5.56,Europe
Latvia,2019,LVA,24,80.47,UE Balkans,6.11,Europe
Latvia,2020,LVA,22,81.44,UE Balkans,6.67,Europe
Latvia,2021,LVA,22,80.74,UE Balkans,6.11,Europe
Latvia,2022,LVA,22,79.17,Europe - Asie centrale,6.11,Europe
Lebanon,2013,LBN,101,69.85,MENA,7.220000000000001,Asia
Lebanon,2014,LBN,106,68.11,MENA,7.220000000000001,Asia
Lebanon,2015,LBN,98,68.19,MENA,7.779999999999999,Asia
Lebanon,2016,LBN,98,68.05,MENA,7.779999999999999,Asia
Lebanon,2017,LBN,99,66.99,MENA,7.220000000000001,Asia
Lebanon,2018,LBN,100,68.85,MENA,6.67,Asia
Lebanon,2019,LBN,101,67.56,MENA,6.67,Asia
Lebanon,2020,LBN,102,66.81,MENA,6.67,Asia
Lebanon,2021,LBN,107,65.07,MENA,6.67,Asia
Lebanon,2022,LBN,130,46.58,Maghreb - Moyen-Orient,6.67,Asia
Lesotho,2013,LSO,81,71.64,Afrique,6.67,Africa
Lesotho,2014,LSO,74,71.64,Afrique,6.67,Africa
Lesotho,2015,LSO,77,71.64,Afrique,6.67,Africa
Lesotho,2016,LSO,73,71.22,Afrique,6.67,Africa
Lesotho,2017,LSO,68,71.22,Afrique,6.67,Africa
Lesotho,2018,LSO,68,71.22,Afrique,6.67,Africa
Lesotho,2019,LSO,78,70.26,Afrique,6.67,Africa
Lesotho,2020,LSO,86,69.55,Afrique,6.11,Africa
Lesotho,2021,LSO,88,68.39,Afrique,6.11,Africa
Lesotho,2022,LSO,88,59.39,Afrique,5.56,Africa
Liberia,2013,LBR,97,70.11,Afrique,5.56,Africa
Liberia,2014,LBR,89,69.35,Afrique,5.56,Africa
Liberia,2015,LBR,89,69.22,Afrique,5.56,Africa
Liberia,2016,LBR,93,69.29,Afrique,5.56,Africa
Liberia,2017,LBR,94,68.88,Afrique,5.56,Africa
Liberia,2018,LBR,89,69.67,Afrique,5.56,Africa
Liberia,2019,LBR,93,68.51,Afrique,5.56,Africa
Liberia,2020,LBR,95,67.75,Afrique,5.56,Africa
Liberia,2021,LBR,98,66.64,Afrique,6.11,Africa
Liberia,2022,LBR,75,62.77,Afrique,6.11,Africa
Libya,2013,LBY,131,62.14,MENA,3.89,Africa
Libya,2014,LBY,137,60.16,MENA,3.33,Africa
Libya,2015,LBY,154,54.01,MENA,1.67,Africa
Libya,2016,LBY,164,42.11,MENA,1.67,Africa
Libya,2017,LBY,163,43.19,MENA,1.67,Africa
Libya,2018,LBY,162,43.21,MENA,1.67,Africa
Libya,2019,LBY,162,44.23,MENA,2.78,Africa
Libya,2020,LBY,164,44.23,MENA,3.33,Africa
Libya,2021,LBY,165,44.27,MENA,3.33,Africa
Libya,2022,LBY,143,43.16,Maghreb - Moyen-Orient,3.89,Africa
Lithuania,2013,LTU,33,81.76,UE Balkans,6.11,Europe
Lithuania,2014,LTU,32,80.8,UE Balkans,6.11,Europe
Lithuania,2015,LTU,31,81.2,UE Balkans,6.11,Europe
Lithuania,2016,LTU,35,80.05,UE Balkans,6.11,Europe
Lithuania,2017,LTU,36,78.63,UE Balkans,6.11,Europe
Lithuania,2018,LTU,36,77.8,UE Balkans,6.11,Europe
Lithuania,2019,LTU,30,77.94,UE Balkans,6.11,Europe
Lithuania,2020,LTU,28,78.81,UE Balkans,5.56,Europe
Lithuania,2021,LTU,28,79.85,UE Balkans,6.11,Europe
Lithuania,2022,LTU,9,84.14,Europe - Asie centrale,6.11,Europe
Luxembourg,2013,LUX,4,93.32,UE Balkans,6.67,Europe
Luxembourg,2014,LUX,4,93.3,UE Balkans,6.67,Europe
Luxembourg,2015,LUX,19,86.39,UE Balkans,6.67,Europe
Luxembourg,2016,LUX,15,85.57,UE Balkans,6.67,Europe
Luxembourg,2017,LUX,15,85.28,UE Balkans,6.67,Europe
Luxembourg,2018,LUX,17,85.28,UE Balkans,6.67,Europe
Luxembourg,2019,LUX,17,84.34,UE Balkans,6.67,Europe
Luxembourg,2020,LUX,17,84.54,UE Balkans,6.67,Europe
Luxembourg,2021,LUX,20,82.44,UE Balkans,6.67,Europe
Luxembourg,2022,LUX,21,79.81,Europe - Asie centrale,6.67,Europe
Madagascar,2013,MDG,88,71.38,Afrique,5,Africa
Madagascar,2014,MDG,81,70.62,Afrique,5,Africa
Madagascar,2015,MDG,64,72.57,Afrique,5.56,Africa
Madagascar,2016,MDG,56,72.96,Afrique,5.56,Africa
Madagascar,2017,MDG,57,73.29,Afrique,5.56,Africa
Madagascar,2018,MDG,54,73.8,Afrique,6.11,Africa
Madagascar,2019,MDG,54,72.24,Afrique,6.11,Africa
Madagascar,2020,MDG,54,72.32,Afrique,6.67,Africa
Madagascar,2021,MDG,57,71.76,Afrique,6.67,Africa
Madagascar,2022,MDG,98,58.02,Afrique,6.67,Africa
Malawi,2013,MWI,75,71.82,Afrique,5.56,Africa
Malawi,2014,MWI,73,71.71,Afrique,5,Africa
Malawi,2015,MWI,59,73.59,Afrique,4.44,Africa
Malawi,2016,MWI,66,71.88,Afrique,4.44,Africa
Malawi,2017,MWI,70,71.03,Afrique,4.44,Africa
Malawi,2018,MWI,64,72.57,Afrique,4.44,Africa
Malawi,2019,MWI,68,70.64,Afrique,5,Africa
Malawi,2020,MWI,69,70.68,Afrique,5,Africa
Malawi,2021,MWI,62,71.2,Afrique,5,Africa
Malawi,2022,MWI,80,61.4,Afrique,5.56,Africa
Malaysia,2013,MYS,145,57.27,Asie-Pacifique,5.56,Asia
Malaysia,2014,MYS,147,57.27,Asie-Pacifique,5.56,Asia
Malaysia,2015,MYS,147,56.71,Asie-Pacifique,5.56,Asia
Malaysia,2016,MYS,146,53.43,Asie-Pacifique,6.11,Asia
Malaysia,2017,MYS,144,53.11,Asie-Pacifique,6.11,Asia
Malaysia,2018,MYS,145,52.59,Asie-Pacifique,6.67,Asia
Malaysia,2019,MYS,123,63.26,Asie-Pacifique,6.67,Asia
Malaysia,2020,MYS,101,66.88,Asie-Pacifique,6.67,Asia
Malaysia,2021,MYS,119,60.53,Asie-Pacifique,7.22,Asia
Malaysia,2022,MYS,113,51.55,Asie-Pacifique,7.22,Asia
Mali,2013,MLI,99,69.97,Afrique,5,Africa
Mali,2014,MLI,122,63.71,Afrique,4.44,Africa
Mali,2015,MLI,118,63.67,Afrique,4.44,Africa
Mali,2016,MLI,122,60.17,Afrique,4.44,Africa
Mali,2017,MLI,116,61.73,Afrique,4.44,Africa
Mali,2018,MLI,115,63.85,Afrique,3.89,Africa
Mali,2019,MLI,112,64.77,Afrique,3.89,Africa
Mali,2020,MLI,108,65.88,Afrique,4.44,Africa
Mali,2021,MLI,99,66.5,Afrique,5.56,Africa
Mali,2022,MLI,111,54.48,Afrique,5.56,Africa
Malta,2013,MLT,45,76.7,UE Balkans,5.56,Europe
Malta,2014,MLT,51,76.16,UE Balkans,6.11,Europe
Malta,2015,MLT,48,75.84,UE Balkans,6.11,Europe
Malta,2016,MLT,46,76.16,UE Balkans,6.11,Europe
Malta,2017,MLT,47,75.24,UE Balkans,6.11,Europe
Malta,2018,MLT,65,72.56,UE Balkans,6.11,Europe
Malta,2019,MLT,77,70.26,UE Balkans,6.11,Europe
Malta,2020,MLT,81,69.84,UE Balkans,6.11,Europe
Malta,2021,MLT,81,69.54,UE Balkans,5.56,Europe
Malta,2022,MLT,78,61.55,Europe - Asie centrale,5.56,Europe
Mauritania,2013,MRT,67,73.24,Afrique,5,Africa
Mauritania,2014,MRT,60,73.47,Afrique,5,Africa
Mauritania,2015,MRT,55,74.73,Afrique,5,Africa
Mauritania,2016,MRT,48,75.97,Afrique,5,Africa
Mauritania,2017,MRT,55,73.51,Afrique,5,Africa
Mauritania,2018,MRT,72,70.91,Afrique,5,Africa
Mauritania,2019,MRT,94,68.35,Afrique,5,Africa
Mauritania,2020,MRT,97,67.46,Afrique,5,Africa
Mauritania,2021,MRT,94,67.75,Afrique,5.56,Africa
Mauritania,2022,MRT,97,58.1,Afrique,5.56,Africa
Mauritius,2013,MUS,62,73.53,Afrique,5,Africa
Mauritius,2014,MUS,70,72.31,Afrique,5,Africa
Mauritius,2015,MUS,68,72.31,Afrique,5.56,Africa
Mauritius,2016,MUS,61,72.31,Afrique,5.56,Africa
Mauritius,2017,MUS,56,73.33,Afrique,5.56,Africa
Mauritius,2018,MUS,56,73.55,Afrique,5.56,Africa
Mauritius,2019,MUS,58,71.54,Afrique,5.56,Africa
Mauritius,2020,MUS,56,72,Afrique,6.11,Africa
Mauritius,2021,MUS,61,71.26,Afrique,6.11,Africa
Mauritius,2022,MUS,64,66.07,Afrique,6.11,Africa
Mexico,2013,MEX,153,54.7,Amériques,6.67,North America
Mexico,2014,MEX,152,54.96,Amériques,6.67,North America
Mexico,2015,MEX,148,56.31,Amériques,7.220000000000001,North America
Mexico,2016,MEX,149,50.67,Amériques,7.220000000000001,North America
Mexico,2017,MEX,147,51.03,Amériques,7.220000000000001,North America
Mexico,2018,MEX,147,51.09,Amériques,7.220000000000001,North America
Mexico,2019,MEX,144,53.22,Amériques,7.220000000000001,North America
Mexico,2020,MEX,143,54.55,Amériques,7.779999999999999,North America
Mexico,2021,MEX,143,53.29,Amériques,7.22,North America
Mexico,2022,MEX,127,47.57,Amériques,7.22,North America
Moldova,2013,MDA,55,73.99,EEAC,5.56,Europe
Moldova,2014,MDA,56,74.65,EEAC,5.56,Europe
Moldova,2015,MDA,72,72.15,EEAC,6.67,Europe
Moldova,2016,MDA,76,71.17,EEAC,6.11,Europe
Moldova,2017,MDA,80,69.59,EEAC,6.11,Europe
Moldova,2018,MDA,81,69.99,EEAC,6.11,Europe
Moldova,2019,MDA,91,68.79,EEAC,6.11,Europe
Moldova,2020,MDA,91,68.84,EEAC,6.11,Europe
Moldova,2021,MDA,89,68.39,EEAC,6.67,Europe
Moldova,2022,MDA,40,73.47,Europe - Asie centrale,7.22,Europe
Mongolia,2013,MNG,98,70.07,Asie-Pacifique,4.44,Asia
Mongolia,2014,MNG,88,69.7,Asie-Pacifique,5,Asia
Mongolia,2015,MNG,54,74.75,Asie-Pacifique,5,Asia
Mongolia,2016,MNG,60,72.39,Asie-Pacifique,5,Asia
Mongolia,2017,MNG,69,71.05,Asie-Pacifique,5.56,Asia
Mongolia,2018,MNG,71,70.95,Asie-Pacifique,5.56,Asia
Mongolia,2019,MNG,70,70.49,Asie-Pacifique,5.56,Asia
Mongolia,2020,MNG,73,70.39,Asie-Pacifique,5.56,Asia
Mongolia,2021,MNG,68,71.03,Asie-Pacifique,6.11,Asia
Mongolia,2022,MNG,90,59.17,Asie-Pacifique,6.11,Asia
Montenegro,2013,MNE,113,67.03,UE Balkans,5,Europe
Montenegro,2014,MNE,114,65.22,UE Balkans,5,Europe
Montenegro,2015,MNE,114,65.37,UE Balkans,5,Europe
Montenegro,2016,MNE,106,67.21,UE Balkans,5,Europe
Montenegro,2017,MNE,106,66.35,UE Balkans,5.56,Europe
Montenegro,2018,MNE,103,68.79,UE Balkans,6.11,Europe
Montenegro,2019,MNE,104,67.26,UE Balkans,6.11,Europe
Montenegro,2020,MNE,105,66.17,UE Balkans,6.11,Europe
Montenegro,2021,MNE,104,65.67,UE Balkans,6.67,Europe
Montenegro,2022,MNE,63,66.54,Europe - Asie centrale,7.22,Europe
Morocco,2013,MAR,136,60.96,MENA,2.78,Africa
Morocco,2014,MAR,136,60.28,MENA,2.78,Africa
Morocco,2015,MAR,130,60.81,MENA,3.89,Africa
Morocco,2016,MAR,131,57.36,MENA,4.44,Africa
Morocco,2017,MAR,133,57.58,MENA,4.44,Africa
Morocco,2018,MAR,135,56.87,MENA,5,Africa
Morocco,2019,MAR,135,56.02,MENA,5.56,Africa
Morocco,2020,MAR,133,57.12,MENA,5.56,Africa
Morocco,2021,MAR,136,56.06,MENA,5.56,Africa
Morocco,2022,MAR,135,45.42,Maghreb - Moyen-Orient,5.56,Africa
Mozambique,2013,MOZ,73,71.99,Afrique,6.11,Africa
Mozambique,2014,MOZ,79,70.74,Afrique,5.56,Africa
Mozambique,2015,MOZ,85,70.02,Afrique,5.56,Africa
Mozambique,2016,MOZ,87,69.75,Afrique,5,Africa
Mozambique,2017,MOZ,93,68.95,Afrique,5,Africa
Mozambique,2018,MOZ,99,68.88,Afrique,5,Africa
Mozambique,2019,MOZ,103,67.34,Afrique,5,Africa
Mozambique,2020,MOZ,104,66.21,Afrique,5,Africa
Mozambique,2021,MOZ,108,64.61,Afrique,5,Africa
Mozambique,2022,MOZ,116,49.89,Afrique,5,Africa
Myanmar,2013,MMR,151,55.29,Asie-Pacifique,2.78,Asia
Myanmar,2014,MMR,145,58.57,Asie-Pacifique,2.78,Asia
Myanmar,2015,MMR,144,57.92,Asie-Pacifique,4.44,Asia
Myanmar,2016,MMR,143,54.52,Asie-Pacifique,4.44,Asia
Myanmar,2017,MMR,131,58.18,Asie-Pacifique,3.89,Asia
Myanmar,2018,MMR,137,56.85,Asie-Pacifique,3.89,Asia
Myanmar,2019,MMR,138,55.08,Asie-Pacifique,2.78,Asia
Myanmar,2020,MMR,139,55.23,Asie-Pacifique,2.78,Asia
Myanmar,2021,MMR,140,53.86,Asie-Pacifique,1.67,Asia
Myanmar,2022,MMR,176,25.03,Asie-Pacifique,0.56,Asia
Namibia,2013,NAM,19,87.5,Afrique,6.67,Africa
Namibia,2014,NAM,22,87.5,Afrique,6.67,Africa
Namibia,2015,NAM,17,87.5,Afrique,6.67,Africa
Namibia,2016,NAM,17,84.85,Afrique,6.67,Africa
Namibia,2017,NAM,24,82.92,Afrique,6.67,Africa
Namibia,2018,NAM,26,79.76,Afrique,6.67,Africa
Namibia,2019,NAM,23,81.05,Afrique,6.67,Africa
Namibia,2020,NAM,23,80.75,Afrique,6.67,Africa
Namibia,2021,NAM,24,80.28,Afrique,6.67,Africa
Namibia,2022,NAM,18,81.84,Afrique,6.67,Africa
Nepal,2013,NPL,118,65.39,Asie-Pacifique,4.44,Asia
Nepal,2014,NPL,120,63.84,Asie-Pacifique,4.44,Asia
Nepal,2015,NPL,105,67.29,Asie-Pacifique,4.44,Asia
Nepal,2016,NPL,105,67.38,Asie-Pacifique,4.44,Asia
Nepal,2017,NPL,100,66.98,Asie-Pacifique,5,Asia
Nepal,2018,NPL,106,67.95,Asie-Pacifique,5,Asia
Nepal,2019,NPL,106,66.6,Asie-Pacifique,5,Asia
Nepal,2020,NPL,112,64.9,Asie-Pacifique,5,Asia
Nepal,2021,NPL,106,65.38,Asie-Pacifique,4.44,Asia
Nepal,2022,NPL,76,62.67,Asie-Pacifique,4.44,Asia
Netherlands,2013,NLD,2,93.52,UE Balkans,8.89,Europe
Netherlands,2014,NLD,2,93.54,UE Balkans,8.89,Europe
Netherlands,2015,NLD,4,90.78,UE Balkans,8.89,Europe
Netherlands,2016,NLD,2,91.24,UE Balkans,8.33,Europe
Netherlands,2017,NLD,5,88.72,UE Balkans,8.33,Europe
Netherlands,2018,NLD,3,89.99,UE Balkans,8.33,Europe
Netherlands,2019,NLD,4,91.37,UE Balkans,8.33,Europe
Netherlands,2020,NLD,5,90.04,UE Balkans,8.33,Europe
Netherlands,2021,NLD,6,90.33,UE Balkans,8.33,Europe
Netherlands,2022,NLD,28,77.93,Europe - Asie centrale,8.33,Europe
New Zealand,2013,NZL,8,91.62,Asie-Pacifique,8.89,Oceania
New Zealand,2014,NZL,9,91.45,Asie-Pacifique,8.89,Oceania
New Zealand,2015,NZL,6,89.94,Asie-Pacifique,8.89,Oceania
New Zealand,2016,NZL,5,89.99,Asie-Pacifique,8.89,Oceania
New Zealand,2017,NZL,13,86.02,Asie-Pacifique,8.89,Oceania
New Zealand,2018,NZL,8,86.38,Asie-Pacifique,8.89,Oceania
New Zealand,2019,NZL,7,89.25,Asie-Pacifique,8.89,Oceania
New Zealand,2020,NZL,9,89.31,Asie-Pacifique,8.89,Oceania
New Zealand,2021,NZL,8,89.96,Asie-Pacifique,9.44,Oceania
New Zealand,2022,NZL,11,83.54,Asie-Pacifique,10,Oceania
Nicaragua,2013,NIC,78,71.69,Amériques,4.44,North America
Nicaragua,2014,NIC,71,72.3,Amériques,4.44,North America
Nicaragua,2015,NIC,74,72.06,Amériques,4.44,North America
Nicaragua,2016,NIC,75,71.18,Amériques,3.89,North America
Nicaragua,2017,NIC,92,68.99,Amériques,3.89,North America
Nicaragua,2018,NIC,90,69.59,Amériques,3.89,North America
Nicaragua,2019,NIC,114,64.47,Amériques,3.89,North America
Nicaragua,2020,NIC,117,64.19,Amériques,5,North America
Nicaragua,2021,NIC,121,60.02,Amériques,3.33,North America
Nicaragua,2022,NIC,160,37.09,Amériques,3.33,North America
Niger,2013,NER,43,76.92,Afrique,2.78,Africa
Niger,2014,NER,48,76.41,Afrique,2.78,Africa
Niger,2015,NER,47,76.15,Afrique,2.78,Africa
Niger,2016,NER,52,75.38,Afrique,3.33,Africa
Niger,2017,NER,61,72.79,Afrique,3.33,Africa
Niger,2018,NER,63,72.6,Afrique,3.33,Africa
Niger,2019,NER,66,70.74,Afrique,3.33,Africa
Niger,2020,NER,57,71.75,Afrique,3.33,Africa
Niger,2021,NER,59,71.56,Afrique,3.89,Africa
Niger,2022,NER,59,67.8,Afrique,3.89,Africa
Nigeria,2013,NGA,115,65.89,Afrique,3.33,Africa
Nigeria,2014,NGA,112,65.76,Afrique,3.33,Africa
Nigeria,2015,NGA,111,65.91,Afrique,3.33,Africa
Nigeria,2016,NGA,116,64.1,Afrique,3.33,Africa
Nigeria,2017,NGA,122,60.31,Afrique,3.33,Africa
Nigeria,2018,NGA,119,62.59,Afrique,3.33,Africa
Nigeria,2019,NGA,120,63.5,Afrique,3.33,Africa
Nigeria,2020,NGA,115,64.37,Afrique,3.89,Africa
Nigeria,2021,NGA,120,60.31,Afrique,3.89,Africa
Nigeria,2022,NGA,129,46.79,Afrique,3.89,Africa
North Korea,2013,PRK,178,16.1,Asie-Pacifique,1.67,Asia
North Korea,2014,PRK,179,18.04,Asie-Pacifique,1.67,Asia
North Korea,2015,PRK,179,16.75,Asie-Pacifique,1.67,Asia
North Korea,2016,PRK,179,16.24,Asie-Pacifique,1.67,Asia
North Korea,2017,PRK,180,15.02,Asie-Pacifique,1.67,Asia
North Korea,2018,PRK,180,11.13,Asie-Pacifique,1.67,Asia
North Korea,2019,PRK,179,16.6,Asie-Pacifique,1.67,Asia
North Korea,2020,PRK,180,14.18,Asie-Pacifique,1.67,Asia
North Korea,2021,PRK,179,18.72,Asie-Pacifique,1.67,Asia
North Korea,2022,PRK,180,13.92,Asie-Pacifique,1.67,Asia
North Macedonia,2013,MKD,116,65.73,UE Balkans,6.11,Europe
North Macedonia,2014,MKD,123,63.57,UE Balkans,6.11,Europe
North Macedonia,2015,MKD,117,63.74,UE Balkans,6.11,Europe
North Macedonia,2016,MKD,118,63.91,UE Balkans,6.11,Europe
North Macedonia,2017,MKD,111,64.26,UE Balkans,5.56,Europe
North Macedonia,2018,MKD,109,67.57,UE Balkans,6.67,Europe
North Macedonia,2019,MKD,95,68.34,UE Balkans,6.67,Europe
North Macedonia,2020,MKD,92,68.72,UE Balkans,6.11,Europe
North Macedonia,2021,MKD,90,68.33,UE Balkans,6.11,Europe
North Macedonia,2022,MKD,57,68.44,Europe - Asie centrale,6.11,Europe
Norway,2013,NOR,3,93.48,UE Balkans,10,Europe
Norway,2014,NOR,3,93.48,UE Balkans,10,Europe
Norway,2015,NOR,2,92.25,UE Balkans,10,Europe
Norway,2016,NOR,3,91.21,UE Balkans,10,Europe
Norway,2017,NOR,1,92.4,UE Balkans,10,Europe
Norway,2018,NOR,1,92.37,UE Balkans,10,Europe
Norway,2019,NOR,1,92.18,UE Balkans,10,Europe
Norway,2020,NOR,1,92.16,UE Balkans,10,Europe
Norway,2021,NOR,1,93.28,UE Balkans,10,Europe
Norway,2022,NOR,1,92.65,Europe - Asie centrale,10,Europe
Oman,2013,OMN,141,58.49,MENA,3.89,Asia
Oman,2014,OMN,134,61.17,MENA,3.33,Asia
Oman,2015,OMN,127,61.17,MENA,2.78,Asia
Oman,2016,OMN,125,59.57,MENA,2.78,Asia
Oman,2017,OMN,126,59.54,MENA,2.78,Asia
Oman,2018,OMN,127,59.33,MENA,2.78,Asia
Oman,2019,OMN,132,56.58,MENA,2.78,Asia
Oman,2020,OMN,135,56.58,MENA,2.78,Asia
Oman,2021,OMN,133,56.63,MENA,2.78,Asia
Oman,2022,OMN,163,35.99,Maghreb - Moyen-Orient,2.78,Asia
Pakistan,2013,PAK,159,48.69,Asie-Pacifique,2.78,Asia
Pakistan,2014,PAK,158,48.54,Asie-Pacifique,2.78,Asia
Pakistan,2015,PAK,159,49.54,Asie-Pacifique,2.78,Asia
Pakistan,2016,PAK,147,51.48,Asie-Pacifique,2.78,Asia
Pakistan,2017,PAK,139,56.45,Asie-Pacifique,2.22,Asia
Pakistan,2018,PAK,139,56.76,Asie-Pacifique,2.22,Asia
Pakistan,2019,PAK,142,54.17,Asie-Pacifique,2.22,Asia
Pakistan,2020,PAK,145,54.48,Asie-Pacifique,3.33,Asia
Pakistan,2021,PAK,145,53.14,Asie-Pacifique,3.33,Asia
Pakistan,2022,PAK,157,37.99,Asie-Pacifique,2.78,Asia
Palestine,2013,PSE,146,56.91,MENA,7.779999999999999,Asia
Palestine,2014,PSE,138,59.89,MENA,7.779999999999999,Asia
Palestine,2015,PSE,140,58.99,MENA,7.779999999999999,Asia
Palestine,2016,PSE,132,57.07,MENA,7.779999999999999,Asia
Palestine,2017,PSE,135,57.1,MENA,7.779999999999999,Asia
Palestine,2018,PSE,134,57.04,MENA,7.779999999999999,Asia
Palestine,2019,PSE,137,55.32,MENA,7.779999999999999,Asia
Palestine,2020,PSE,137,55.91,MENA,7.779999999999999,Asia
Palestine,2021,PSE,132,56.82,MENA,8.33,Asia
Palestine,2022,PSE,170,28.98,Maghreb - Moyen-Orient,8.33,Asia
Panama,2013,PAN,111,67.05,Amériques,5.56,North America
Panama,2014,PAN,87,69.8,Amériques,5.56,North America
Panama,2015,PAN,83,71.02,Amériques,6.11,North America
Panama,2016,PAN,91,69.41,Amériques,6.11,North America
Panama,2017,PAN,96,67.88,Amériques,6.11,North America
Panama,2018,PAN,91,69.44,Amériques,6.67,North America
Panama,2019,PAN,79,70.22,Amériques,6.67,North America
Panama,2020,PAN,76,70.22,Amériques,7.220000000000001,North America
Panama,2021,PAN,77,70.06,Amériques,7.22,North America
Panama,2022,PAN,74,62.78,Amériques,7.22,North America
Papua New Guinea,2013,PNG,41,77.03,Asie-Pacifique,3.89,Oceania
Papua New Guinea,2014,PNG,44,76.54,Asie-Pacifique,3.89,Oceania
Papua New Guinea,2015,PNG,56,74.13,Asie-Pacifique,3.89,Oceania
Papua New Guinea,2016,PNG,55,74.19,Asie-Pacifique,3.89,Oceania
Papua New Guinea,2017,PNG,51,74.93,Asie-Pacifique,3.89,Oceania
Papua New Guinea,2018,PNG,53,73.81,Asie-Pacifique,3.89,Oceania
Papua New Guinea,2019,PNG,38,75.3,Asie-Pacifique,3.89,Oceania
Papua New Guinea,2020,PNG,46,76.07,Asie-Pacifique,3.33,Oceania
Papua New Guinea,2021,PNG,47,75.12,Asie-Pacifique,3.89,Oceania
Papua New Guinea,2022,PNG,62,66.66,Asie-Pacifique,3.89,Oceania
Paraguay,2013,PRY,91,71.22,Amériques,5,South America
Paraguay,2014,PRY,105,68.19,Amériques,5,South America
Paraguay,2015,PRY,109,66.26,Amériques,5,South America
Paraguay,2016,PRY,111,66.37,Amériques,5,South America
Paraguay,2017,PRY,110,64.36,Amériques,5,South America
Paraguay,2018,PRY,107,67.68,Amériques,5,South America
Paraguay,2019,PRY,99,67.6,Amériques,5,South America
Paraguay,2020,PRY,100,67.03,Amériques,5,South America
Paraguay,2021,PRY,100,66.48,Amériques,5,South America
Paraguay,2022,PRY,96,58.36,Amériques,6.11,South America
Peru,2013,PER,105,68.13,Amériques,5,South America
Peru,2014,PER,104,68.3,Amériques,5,South America
Peru,2015,PER,92,68.79,Amériques,6.11,South America
Peru,2016,PER,84,70.01,Amériques,6.11,South America
Peru,2017,PER,90,69.02,Amériques,5.56,South America
Peru,2018,PER,88,69.73,Amériques,5.56,South America
Peru,2019,PER,85,69.78,Amériques,5.56,South America
Peru,2020,PER,90,69.06,Amériques,5.56,South America
Peru,2021,PER,91,68.29,Amériques,5.56,South America
Peru,2022,PER,77,61.75,Amériques,5.56,South America
Philippines,2013,PHL,147,56.89,Asie-Pacifique,6.11,Asia
Philippines,2014,PHL,149,56.31,Asie-Pacifique,6.67,Asia
Philippines,2015,PHL,141,58.81,Asie-Pacifique,6.67,Asia
Philippines,2016,PHL,138,55.34,Asie-Pacifique,7.220000000000001,Asia
Philippines,2017,PHL,127,58.92,Asie-Pacifique,7.220000000000001,Asia
Philippines,2018,PHL,133,57.47,Asie-Pacifique,7.220000000000001,Asia
Philippines,2019,PHL,134,56.09,Asie-Pacifique,7.220000000000001,Asia
Philippines,2020,PHL,136,56.46,Asie-Pacifique,7.779999999999999,Asia
Philippines,2021,PHL,138,54.36,Asie-Pacifique,7.78,Asia
Philippines,2022,PHL,147,41.84,Asie-Pacifique,7.78,Asia
Poland,2013,POL,22,86.89,UE Balkans,6.11,Europe
Poland,2014,POL,19,88.97,UE Balkans,6.67,Europe
Poland,2015,POL,18,87.29,UE Balkans,6.67,Europe
Poland,2016,POL,47,76.11,UE Balkans,6.67,Europe
Poland,2017,POL,54,73.53,UE Balkans,6.11,Europe
Poland,2018,POL,58,73.41,UE Balkans,6.11,Europe
Poland,2019,POL,59,71.11,UE Balkans,6.11,Europe
Poland,2020,POL,62,71.35,UE Balkans,6.67,Europe
Poland,2021,POL,64,71.16,UE Balkans,6.67,Europe
Poland,2022,POL,66,65.64,Europe - Asie centrale,6.67,Europe
Portugal,2013,PRT,28,83.25,UE Balkans,6.67,Europe
Portugal,2014,PRT,30,82.27,UE Balkans,6.67,Europe
Portugal,2015,PRT,26,82.89,UE Balkans,6.67,Europe
Portugal,2016,PRT,23,82.73,UE Balkans,6.67,Europe
Portugal,2017,PRT,18,84.23,UE Balkans,6.11,Europe
Portugal,2018,PRT,14,85.83,UE Balkans,6.11,Europe
Portugal,2019,PRT,12,87.37,UE Balkans,6.11,Europe
Portugal,2020,PRT,10,88.17,UE Balkans,6.11,Europe
Portugal,2021,PRT,9,89.89,UE Balkans,6.67,Europe
Portugal,2022,PRT,7,87.07,Europe - Asie centrale,6.67,Europe
Qatar,2013,QAT,110,67.14,MENA,2.22,Asia
Qatar,2014,QAT,113,65.68,MENA,2.22,Asia
Qatar,2015,QAT,115,64.65,MENA,2.22,Asia
Qatar,2016,QAT,117,64.03,MENA,2.22,Asia
Qatar,2017,QAT,123,60.17,MENA,2.22,Asia
Qatar,2018,QAT,125,59.84,MENA,2.22,Asia
Qatar,2019,QAT,128,57.49,MENA,2.22,Asia
Qatar,2020,QAT,129,57.49,MENA,2.78,Asia
Qatar,2021,QAT,128,57.4,MENA,3.33,Asia
Qatar,2022,QAT,119,49.03,Maghreb - Moyen-Orient,3.33,Asia
Romania,2013,ROU,42,76.95,UE Balkans,4.44,Europe
Romania,2014,ROU,45,76.52,UE Balkans,5,Europe
Romania,2015,ROU,52,75.1,UE Balkans,5,Europe
Romania,2016,ROU,49,75.71,UE Balkans,5,Europe
Romania,2017,ROU,46,75.54,UE Balkans,5,Europe
Romania,2018,ROU,44,76.35,UE Balkans,5,Europe
Romania,2019,ROU,47,74.33,UE Balkans,5.56,Europe
Romania,2020,ROU,48,74.09,UE Balkans,6.67,Europe
Romania,2021,ROU,48,75.09,UE Balkans,6.11,Europe
Romania,2022,ROU,56,68.46,Europe - Asie centrale,5.56,Europe
Russia,2013,RUS,148,56.58,EEAC,5,Europe
Russia,2014,RUS,148,57.22,EEAC,5,Europe
Russia,2015,RUS,152,55.03,EEAC,5,Europe
Russia,2016,RUS,148,50.97,EEAC,5,Europe
Russia,2017,RUS,148,50.55,EEAC,5,Europe
Russia,2018,RUS,148,50.04,EEAC,5,Europe
Russia,2019,RUS,149,49.69,EEAC,5,Europe
Russia,2020,RUS,149,51.08,EEAC,5,Europe
Russia,2021,RUS,150,51.29,EEAC,4.44,Europe
Russia,2022,RUS,155,38.82,Europe - Asie centrale,2.22,Europe
Rwanda,2013,RWA,161,44.54,Afrique,2.22,Africa
Rwanda,2014,RWA,162,43.43,Afrique,2.22,Africa
Rwanda,2015,RWA,161,43.43,Afrique,2.22,Africa
Rwanda,2016,RWA,161,45.39,Afrique,2.22,Africa
Rwanda,2017,RWA,159,45.89,Afrique,2.78,Africa
Rwanda,2018,RWA,156,47.1,Afrique,2.78,Africa
Rwanda,2019,RWA,155,47.57,Afrique,2.78,Africa
Rwanda,2020,RWA,155,49.66,Afrique,2.78,Africa
Rwanda,2021,RWA,156,49.34,Afrique,2.78,Africa
Rwanda,2022,RWA,136,45.18,Afrique,2.78,Africa
Saudi Arabia,2013,SAU,163,43.12,MENA,1.67,Asia
Saudi Arabia,2014,SAU,164,41.7,MENA,1.67,Asia
Saudi Arabia,2015,SAU,164,40.59,MENA,2.22,Asia
Saudi Arabia,2016,SAU,165,40.28,MENA,2.22,Asia
Saudi Arabia,2017,SAU,168,33.98,MENA,2.22,Asia
Saudi Arabia,2018,SAU,169,36.87,MENA,2.22,Asia
Saudi Arabia,2019,SAU,172,34.12,MENA,2.22,Asia
Saudi Arabia,2020,SAU,170,37.86,MENA,2.22,Asia
Saudi Arabia,2021,SAU,170,37.27,MENA,2.22,Asia
Saudi Arabia,2022,SAU,166,33.71,Maghreb - Moyen-Orient,2.22,Asia
Senegal,2013,SEN,59,73.81,Afrique,4.44,Africa
Senegal,2014,SEN,62,73.32,Afrique,4.44,Africa
Senegal,2015,SEN,71,72.23,Afrique,4.44,Africa
Senegal,2016,SEN,65,72.01,Afrique,4.44,Africa
Senegal,2017,SEN,58,73.28,Afrique,4.44,Africa
Senegal,2018,SEN,50,74.39,Afrique,4.44,Africa
Senegal,2019,SEN,49,74.19,Afrique,4.44,Africa
Senegal,2020,SEN,47,76.01,Afrique,4.44,Africa
Senegal,2021,SEN,49,74.78,Afrique,4.44,Africa
Senegal,2022,SEN,73,63.07,Afrique,4.44,Africa
Serbia,2013,SRB,63,73.41,UE Balkans,6.11,Europe
Serbia,2014,SRB,54,74.95,UE Balkans,6.67,Europe
Serbia,2015,SRB,67,72.34,UE Balkans,6.67,Europe
Serbia,2016,SRB,59,72.4,UE Balkans,6.67,Europe
Serbia,2017,SRB,66,71.95,UE Balkans,6.11,Europe
Serbia,2018,SRB,76,70.42,UE Balkans,6.11,Europe
Serbia,2019,SRB,90,68.82,UE Balkans,6.11,Europe
Serbia,2020,SRB,93,68.38,UE Balkans,6.67,Europe
Serbia,2021,SRB,93,67.97,UE Balkans,6.67,Europe
Serbia,2022,SRB,79,61.51,Europe - Asie centrale,6.67,Europe
Sierra Leone,2013,SLE,61,73.65,Afrique,2.78,Africa
Sierra Leone,2014,SLE,72,71.77,Afrique,2.78,Africa
Sierra Leone,2015,SLE,79,71.53,Afrique,2.78,Africa
Sierra Leone,2016,SLE,83,70.06,Afrique,2.78,Africa
Sierra Leone,2017,SLE,85,69.27,Afrique,3.33,Africa
Sierra Leone,2018,SLE,79,70.02,Afrique,3.33,Africa
Sierra Leone,2019,SLE,86,69.64,Afrique,3.33,Africa
Sierra Leone,2020,SLE,85,69.72,Afrique,3.33,Africa
Sierra Leone,2021,SLE,75,70.39,Afrique,3.89,Africa
Sierra Leone,2022,SLE,46,71.03,Afrique,4.44,Africa
Singapore,2013,SGP,149,56.57,Asie-Pacifique,3.89,Asia
Singapore,2014,SGP,150,55.71,Asie-Pacifique,5,Asia
Singapore,2015,SGP,153,54.13,Asie-Pacifique,5.56,Asia
Singapore,2016,SGP,154,47.04,Asie-Pacifique,6.11,Asia
Singapore,2017,SGP,151,48.9,Asie-Pacifique,6.11,Asia
Singapore,2018,SGP,151,49.05,Asie-Pacifique,6.11,Asia
Singapore,2019,SGP,151,48.59,Asie-Pacifique,5,Asia
Singapore,2020,SGP,158,44.77,Asie-Pacifique,4.44,Asia
Singapore,2021,SGP,160,44.8,Asie-Pacifique,4.44,Asia
Singapore,2022,SGP,139,44.23,Asie-Pacifique,4.44,Asia
Slovakia,2013,SVK,23,86.75,UE Balkans,5.56,Europe
Slovakia,2014,SVK,20,88.61,UE Balkans,5.56,Europe
Slovakia,2015,SVK,14,88.34,UE Balkans,5.56,Europe
Slovakia,2016,SVK,12,86.74,UE Balkans,5.56,Europe
Slovakia,2017,SVK,17,84.49,UE Balkans,5.56,Europe
Slovakia,2018,SVK,27,79.74,UE Balkans,5.56,Europe
Slovakia,2019,SVK,35,76.42,UE Balkans,5.56,Europe
Slovakia,2020,SVK,33,77.33,UE Balkans,5.56,Europe
Slovakia,2021,SVK,35,76.98,UE Balkans,5.56,Europe
Slovakia,2022,SVK,27,78.37,Europe - Asie centrale,5.56,Europe
Slovenia,2013,SVN,35,79.51,UE Balkans,7.220000000000001,Europe
Slovenia,2014,SVN,34,79.62,UE Balkans,6.67,Europe
Slovenia,2015,SVN,35,79.45,UE Balkans,6.67,Europe
Slovenia,2016,SVN,40,77.74,UE Balkans,6.67,Europe
Slovenia,2017,SVN,37,78.3,UE Balkans,6.67,Europe
Slovenia,2018,SVN,32,78.31,UE Balkans,6.67,Europe
Slovenia,2019,SVN,34,77.69,UE Balkans,6.67,Europe
Slovenia,2020,SVN,32,77.36,UE Balkans,7.220000000000001,Europe
Slovenia,2021,SVN,36,76.9,UE Balkans,7.22,Europe
Slovenia,2022,SVN,54,68.54,Europe - Asie centrale,7.22,Europe
South Africa,2013,ZAF,52,75.44,Afrique,7.779999999999999,Africa
South Africa,2014,ZAF,42,76.81,Afrique,7.779999999999999,Africa
South Africa,2015,ZAF,39,77.94,Afrique,8.33,Africa
South Africa,2016,ZAF,39,78.08,Afrique,8.33,Africa
South Africa,2017,ZAF,31,79.88,Afrique,8.33,Africa
South Africa,2018,ZAF,28,79.61,Afrique,8.33,Africa
South Africa,2019,ZAF,31,77.81,Afrique,8.33,Africa
South Africa,2020,ZAF,31,77.59,Afrique,8.33,Africa
South Africa,2021,ZAF,32,78.41,Afrique,8.33,Africa
South Africa,2022,ZAF,35,75.56,Afrique,8.33,Africa
South Korea,2013,KOR,50,75.52,Asie-Pacifique,7.220000000000001,Asia
South Korea,2014,KOR,57,74.34,Asie-Pacifique,7.220000000000001,Asia
South Korea,2015,KOR,60,73.45,Asie-Pacifique,7.220000000000001,Asia
South Korea,2016,KOR,70,71.42,Asie-Pacifique,7.220000000000001,Asia
South Korea,2017,KOR,63,72.39,Asie-Pacifique,7.220000000000001,Asia
South Korea,2018,KOR,43,76.49,Asie-Pacifique,7.220000000000001,Asia
South Korea,2019,KOR,41,75.06,Asie-Pacifique,7.220000000000001,Asia
South Korea,2020,KOR,42,76.3,Asie-Pacifique,7.220000000000001,Asia
South Korea,2021,KOR,42,76.57,Asie-Pacifique,7.22,Asia
South Korea,2022,KOR,43,72.11,Asie-Pacifique,7.22,Asia
Spain,2013,ESP,36,79.5,UE Balkans,6.11,Europe
Spain,2014,ESP,35,79.37,UE Balkans,7.220000000000001,Europe
Spain,2015,ESP,33,80.05,UE Balkans,7.220000000000001,Europe
Spain,2016,ESP,34,80.08,UE Balkans,7.220000000000001,Europe
Spain,2017,ESP,29,81.31,UE Balkans,7.779999999999999,Europe
Spain,2018,ESP,31,79.49,UE Balkans,7.779999999999999,Europe
Spain,2019,ESP,29,78.01,UE Balkans,7.779999999999999,Europe
Spain,2020,ESP,29,77.84,UE Balkans,7.220000000000001,Europe
Spain,2021,ESP,29,79.56,UE Balkans,7.22,Europe
Spain,2022,ESP,32,76.71,Europe - Asie centrale,7.22,Europe
Sri Lanka,2013,LKA,162,43.41,Asie-Pacifique,4.44,Asia
Sri Lanka,2014,LKA,165,40.87,Asie-Pacifique,4.44,Asia
Sri Lanka,2015,LKA,165,39.72,Asie-Pacifique,5,Asia
Sri Lanka,2016,LKA,141,55.04,Asie-Pacifique,5,Asia
Sri Lanka,2017,LKA,141,55.66,Asie-Pacifique,5,Asia
Sri Lanka,2018,LKA,131,58.63,Asie-Pacifique,5,Asia
Sri Lanka,2019,LKA,126,60.39,Asie-Pacifique,5.56,Asia
Sri Lanka,2020,LKA,127,58.06,Asie-Pacifique,5.56,Asia
Sri Lanka,2021,LKA,127,57.8,Asie-Pacifique,5.56,Asia
Sri Lanka,2022,LKA,146,42.13,Asie-Pacifique,7.22,Asia
Sudan,2013,SDN,170,29.94,Afrique,4.44,Africa
Sudan,2014,SDN,172,28.12,Afrique,4.44,Africa
Sudan,2015,SDN,174,27.66,Afrique,3.89,Africa
Sudan,2016,SDN,174,27.47,Afrique,3.89,Africa
Sudan,2017,SDN,174,26.44,Afrique,2.78,Africa
Sudan,2018,SDN,174,28.87,Afrique,2.78,Africa
Sudan,2019,SDN,175,27.55,Afrique,5.56,Africa
Sudan,2020,SDN,159,44.67,Afrique,4.44,Africa
Sudan,2021,SDN,159,47.07,Afrique,4.44,Africa
Sudan,2022,SDN,151,40.96,Afrique,4.44,Africa
Suriname,2013,SUR,31,81.81,Amériques,5,South America
Suriname,2014,SUR,31,81.8,Amériques,5,South America
Suriname,2015,SUR,29,81.8,Amériques,5,South America
Suriname,2016,SUR,22,83.3,Amériques,5,South America
Suriname,2017,SUR,20,83.93,Amériques,5.56,South America
Suriname,2018,SUR,21,83.56,Amériques,6.67,South America
Suriname,2019,SUR,20,83.62,Amériques,6.67,South America
Suriname,2020,SUR,20,82.5,Amériques,6.11,South America
Suriname,2021,SUR,19,83.05,Amériques,6.11,South America
Suriname,2022,SUR,52,68.95,Amériques,6.11,South America
Sweden,2013,SWE,10,90.77,UE Balkans,9.44,Europe
Sweden,2014,SWE,10,91.02,UE Balkans,9.44,Europe
Sweden,2015,SWE,5,90.53,UE Balkans,8.33,Europe
Sweden,2016,SWE,8,87.67,UE Balkans,8.33,Europe
Sweden,2017,SWE,2,91.73,UE Balkans,8.33,Europe
Sweden,2018,SWE,2,91.69,UE Balkans,8.33,Europe
Sweden,2019,SWE,3,91.69,UE Balkans,8.33,Europe
Sweden,2020,SWE,4,90.75,UE Balkans,8.33,Europe
Sweden,2021,SWE,3,92.76,UE Balkans,8.33,Europe
Sweden,2022,SWE,3,88.84,Europe - Asie centrale,8.33,Europe
Switzerland,2013,CHE,14,90.06,UE Balkans,7.779999999999999,Europe
Switzerland,2014,CHE,15,89.53,UE Balkans,7.779999999999999,Europe
Switzerland,2015,CHE,20,86.15,UE Balkans,7.779999999999999,Europe
Switzerland,2016,CHE,7,88.24,UE Balkans,7.779999999999999,Europe
Switzerland,2017,CHE,7,87.87,UE Balkans,7.779999999999999,Europe
Switzerland,2018,CHE,5,88.73,UE Balkans,7.779999999999999,Europe
Switzerland,2019,CHE,6,89.48,UE Balkans,7.779999999999999,Europe
Switzerland,2020,CHE,8,89.38,UE Balkans,7.779999999999999,Europe
Switzerland,2021,CHE,10,89.45,UE Balkans,7.78,Europe
Switzerland,2022,CHE,14,82.72,Europe - Asie centrale,8.33,Europe
Syria,2013,SYR,176,21.47,MENA,3.33,Asia
Syria,2014,SYR,177,22.96,MENA,3.33,Asia
Syria,2015,SYR,177,22.71,MENA,2.78,Asia
Syria,2016,SYR,177,18.65,MENA,2.78,Asia
Syria,2017,SYR,177,18.51,MENA,2.78,Asia
Syria,2018,SYR,177,20.78,MENA,2.78,Asia
Syria,2019,SYR,174,28.22,MENA,2.78,Asia
Syria,2020,SYR,174,27.43,MENA,2.78,Asia
Syria,2021,SYR,173,29.37,MENA,2.78,Asia
Syria,2022,SYR,171,28.94,Maghreb - Moyen-Orient,2.78,Asia
Taiwan,2013,TWN,47,76.18,Asie-Pacifique,6.11,Asia
Taiwan,2014,TWN,50,76.18,Asie-Pacifique,6.11,Asia
Taiwan,2015,TWN,51,75.17,Asie-Pacifique,6.67,Asia
Taiwan,2016,TWN,51,75.63,Asie-Pacifique,6.11,Asia
Taiwan,2017,TWN,45,75.63,Asie-Pacifique,6.11,Asia
Taiwan,2018,TWN,42,76.64,Asie-Pacifique,6.11,Asia
Taiwan,2019,TWN,42,75.02,Asie-Pacifique,6.11,Asia
Taiwan,2020,TWN,43,76.24,Asie-Pacifique,7.220000000000001,Asia
Taiwan,2021,TWN,43,76.14,Asie-Pacifique,7.78,Asia
Taiwan,2022,TWN,38,74.08,Asie-Pacifique,7.78,Asia
Tajikistan,2013,TJK,123,64.29,EEAC,2.22,Asia
Tajikistan,2014,TJK,115,65.14,EEAC,2.22,Asia
Tajikistan,2015,TJK,116,63.81,EEAC,1.67,Asia
Tajikistan,2016,TJK,150,49.66,EEAC,1.67,Asia
Tajikistan,2017,TJK,149,49.73,EEAC,1.67,Asia
Tajikistan,2018,TJK,149,49.94,EEAC,1.67,Asia
Tajikistan,2019,TJK,161,45.98,EEAC,1.67,Asia
Tajikistan,2020,TJK,161,44.66,EEAC,2.22,Asia
Tajikistan,2021,TJK,162,44.48,EEAC,2.22,Asia
Tajikistan,2022,TJK,152,40.26,Europe - Asie centrale,2.22,Asia
Tanzania,2013,TZA,70,72.66,Afrique,5.56,Africa
Tanzania,2014,TZA,69,72.7,Afrique,5.56,Africa
Tanzania,2015,TZA,75,71.91,Afrique,5,Africa
Tanzania,2016,TZA,71,71.35,Afrique,5.56,Africa
Tanzania,2017,TZA,83,69.35,Afrique,5,Africa
Tanzania,2018,TZA,93,69.35,Afrique,5,Africa
Tanzania,2019,TZA,118,63.72,Afrique,5,Africa
Tanzania,2020,TZA,124,59.75,Afrique,5,Africa
Tanzania,2021,TZA,124,59.31,Afrique,5,Africa
Tanzania,2022,TZA,123,48.28,Afrique,5,Africa
Thailand,2013,THA,135,61.4,Asie-Pacifique,5.56,Asia
Thailand,2014,THA,130,62.06,Asie-Pacifique,5.56,Asia
Thailand,2015,THA,134,59.93,Asie-Pacifique,5.56,Asia
Thailand,2016,THA,136,55.47,Asie-Pacifique,5,Asia
Thailand,2017,THA,142,55.31,Asie-Pacifique,5,Asia
Thailand,2018,THA,140,55.69,Asie-Pacifique,5,Asia
Thailand,2019,THA,136,55.9,Asie-Pacifique,6.11,Asia
Thailand,2020,THA,140,55.06,Asie-Pacifique,6.67,Asia
Thailand,2021,THA,137,54.78,Asie-Pacifique,6.67,Asia
Thailand,2022,THA,115,50.15,Asie-Pacifique,8.33,Asia
Togo,2013,TGO,83,71.55,Afrique,3.33,Africa
Togo,2014,TGO,76,71,Afrique,3.33,Africa
Togo,2015,TGO,80,71.5,Afrique,2.78,Africa
Togo,2016,TGO,88,69.69,Afrique,2.78,Africa
Togo,2017,TGO,86,69.25,Afrique,2.78,Africa
Togo,2018,TGO,86,69.77,Afrique,3.33,Africa
Togo,2019,TGO,76,70.31,Afrique,3.33,Africa
Togo,2020,TGO,71,70.67,Afrique,3.33,Africa
Togo,2021,TGO,74,70.41,Afrique,3.33,Africa
Togo,2022,TGO,100,57.17,Afrique,3.33,Africa
Trinidad and Tobago,2013,TTO,44,76.88,Amériques,5,North America
Trinidad and Tobago,2014,TTO,43,76.72,Amériques,5,North America
Trinidad and Tobago,2015,TTO,41,77.61,Amériques,5.56,North America
Trinidad and Tobago,2016,TTO,44,76.71,Amériques,5.56,North America
Trinidad and Tobago,2017,TTO,34,79.38,Amériques,5.56,North America
Trinidad and Tobago,2018,TTO,39,77.21,Amériques,6.11,North America
Trinidad and Tobago,2019,TTO,39,75.26,Amériques,6.11,North America
Trinidad and Tobago,2020,TTO,36,76.78,Amériques,6.11,North America
Trinidad and Tobago,2021,TTO,31,78.45,Amériques,6.11,North America
Trinidad and Tobago,2022,TTO,25,78.68,Amériques,6.11,North America
Tunisia,2013,TUN,138,60.07,MENA,6.67,Africa
Tunisia,2014,TUN,133,61.31,MENA,7.220000000000001,Africa
Tunisia,2015,TUN,126,61.32,MENA,7.779999999999999,Africa
Tunisia,2016,TUN,96,68.4,MENA,7.779999999999999,Africa
Tunisia,2017,TUN,97,67.78,MENA,7.779999999999999,Africa
Tunisia,2018,TUN,97,69.09,MENA,7.779999999999999,Africa
Tunisia,2019,TUN,72,70.39,MENA,7.220000000000001,Africa
Tunisia,2020,TUN,72,70.55,MENA,7.220000000000001,Africa
Tunisia,2021,TUN,73,70.47,MENA,7.22,Africa
Tunisia,2022,TUN,94,58.49,Maghreb - Moyen-Orient,6.11,Africa
Turkey,2013,TUR,154,53.44,EEAC,5,Asia
Turkey,2014,TUR,154,54.13,EEAC,4.44,Asia
Turkey,2015,TUR,149,55.84,EEAC,5,Asia
Turkey,2016,TUR,151,49.24,EEAC,5,Asia
Turkey,2017,TUR,155,47.02,EEAC,5,Asia
Turkey,2018,TUR,157,46.5,EEAC,5,Asia
Turkey,2019,TUR,157,47.19,EEAC,5,Asia
Turkey,2020,TUR,154,49.98,EEAC,5.56,Asia
Turkey,2021,TUR,153,50.21,EEAC,5.56,Asia
Turkey,2022,TUR,149,41.25,Europe - Asie centrale,5.56,Asia
Turkmenistan,2013,TKM,177,20.86,EEAC,2.22,Asia
Turkmenistan,2014,TKM,178,19.19,EEAC,2.78,Asia
Turkmenistan,2015,TKM,178,19.17,EEAC,2.78,Asia
Turkmenistan,2016,TKM,178,16.56,EEAC,2.78,Asia
Turkmenistan,2017,TKM,178,15.81,EEAC,2.22,Asia
Turkmenistan,2018,TKM,178,15.8,EEAC,2.22,Asia
Turkmenistan,2019,TKM,180,14.56,EEAC,2.22,Asia
Turkmenistan,2020,TKM,179,14.56,EEAC,2.22,Asia
Turkmenistan,2021,TKM,178,19.97,EEAC,2.22,Asia
Turkmenistan,2022,TKM,177,25.01,Europe - Asie centrale,2.22,Asia
Uganda,2013,UGA,104,68.31,Afrique,4.44,Africa
Uganda,2014,UGA,110,66.71,Afrique,4.44,Africa
Uganda,2015,UGA,97,68.35,Afrique,4.44,Africa
Uganda,2016,UGA,102,67.42,Afrique,4.44,Africa
Uganda,2017,UGA,112,64.06,Afrique,3.89,Africa
Uganda,2018,UGA,117,63.23,Afrique,4.44,Africa
Uganda,2019,UGA,125,60.58,Afrique,4.44,Africa
Uganda,2020,UGA,125,59.05,Afrique,5,Africa
Uganda,2021,UGA,125,58.81,Afrique,3.89,Africa
Uganda,2022,UGA,132,46.35,Afrique,3.89,Africa
Ukraine,2013,UKR,126,63.21,EEAC,5.56,Europe
Ukraine,2014,UKR,127,63.07,EEAC,5.56,Europe
Ukraine,2015,UKR,129,60.9,EEAC,6.67,Europe
Ukraine,2016,UKR,107,67.07,EEAC,6.67,Europe
Ukraine,2017,UKR,102,66.81,EEAC,6.67,Europe
Ukraine,2018,UKR,101,68.84,EEAC,6.67,Europe
Ukraine,2019,UKR,102,67.54,EEAC,6.67,Europe
Ukraine,2020,UKR,96,67.48,EEAC,7.22,Europe
Ukraine,2021,UKR,97,67.04,EEAC,6.67,Europe
Ukraine,2022,UKR,106,55.76,Europe - Asie centrale,7.22,Europe
United Arab Emirates,2013,ARE,114,66.51,MENA,1.11,Asia
United Arab Emirates,2014,ARE,118,63.97,MENA,1.67,Asia
United Arab Emirates,2015,ARE,120,63.27,MENA,2.22,Asia
United Arab Emirates,2016,ARE,119,63.27,MENA,2.22,Asia
United Arab Emirates,2017,ARE,119,60.61,MENA,2.22,Asia
United Arab Emirates,2018,ARE,128,59.14,MENA,2.22,Asia
United Arab Emirates,2019,ARE,133,56.37,MENA,2.22,Asia
United Arab Emirates,2020,ARE,131,57.31,MENA,2.22,Asia
United Arab Emirates,2021,ARE,131,56.87,MENA,2.22,Asia
United Arab Emirates,2022,ARE,138,44.46,Maghreb - Moyen-Orient,2.22,Asia
United Kingdom,2013,GBR,29,83.11,UE Balkans,6.67,Europe
United Kingdom,2014,GBR,33,80.07,UE Balkans,6.67,Europe
United Kingdom,2015,GBR,34,80,UE Balkans,6.67,Europe
United Kingdom,2016,GBR,38,78.3,UE Balkans,7.220000000000001,Europe
United Kingdom,2017,GBR,40,77.74,UE Balkans,8.33,Europe
United Kingdom,2018,GBR,40,76.75,UE Balkans,8.33,Europe
United Kingdom,2019,GBR,33,77.77,UE Balkans,8.89,Europe
United Kingdom,2020,GBR,35,77.07,UE Balkans,8.89,Europe
United Kingdom,2021,GBR,33,78.41,UE Balkans,8.33,Europe
United Kingdom,2022,GBR,24,78.71,Europe - Asie centrale,8.33,Europe
United States,2013,USA,32,81.78,Amériques,7.220000000000001,North America
United States,2014,USA,46,76.51,Amériques,7.220000000000001,North America
United States,2015,USA,49,75.59,Amériques,7.220000000000001,North America
United States,2016,USA,41,77.51,Amériques,7.220000000000001,North America
United States,2017,USA,43,76.12,Amériques,7.220000000000001,North America
United States,2018,USA,45,76.27,Amériques,7.779999999999999,North America
United States,2019,USA,48,74.31,Amériques,7.779999999999999,North America
United States,2020,USA,45,76.15,Amériques,8.89,North America
United States,2021,USA,44,76.07,Amériques,8.89,North America
United States,2022,USA,42,72.74,Amériques,8.89,North America
Uruguay,2013,URY,27,84.08,Amériques,4.44,South America
Uruguay,2014,URY,26,83.92,Amériques,4.44,South America
Uruguay,2015,URY,23,84.06,Amériques,4.44,South America
Uruguay,2016,URY,20,84.12,Amériques,4.44,South America
Uruguay,2017,URY,25,82.57,Amériques,4.44,South America
Uruguay,2018,URY,20,84.44,Amériques,6.11,South America
Uruguay,2019,URY,19,83.94,Amériques,6.11,South America
Uruguay,2020,URY,19,84.21,Amériques,6.67,South America
Uruguay,2021,URY,18,83.62,Amériques,7.22,South America
Uruguay,2022,URY,44,72.03,Amériques,7.78,South America
Uzbekistan,2013,UZB,164,39.61,EEAC,2.78,Asia
Uzbekistan,2014,UZB,166,38.99,EEAC,2.78,Asia
Uzbekistan,2015,UZB,166,38.86,EEAC,2.22,Asia
Uzbekistan,2016,UZB,166,38.85,EEAC,2.22,Asia
Uzbekistan,2017,UZB,169,33.89,EEAC,2.22,Asia
Uzbekistan,2018,UZB,165,39.16,EEAC,2.22,Asia
Uzbekistan,2019,UZB,160,46.48,EEAC,2.22,Asia
Uzbekistan,2020,UZB,156,46.93,EEAC,2.78,Asia
Uzbekistan,2021,UZB,157,49.26,EEAC,2.78,Asia
Uzbekistan,2022,UZB,133,45.74,Europe - Asie centrale,2.78,Asia
Venezuela,2013,VEN,117,65.56,Amériques,5.56,South America
Venezuela,2014,VEN,116,64.63,Amériques,5.56,South America
Venezuela,2015,VEN,137,59.39,Amériques,5,South America
Venezuela,2016,VEN,139,55.23,Amériques,5.56,South America
Venezuela,2017,VEN,137,57.06,Amériques,6.11,South America
Venezuela,2018,VEN,143,53.97,Amériques,4.44,South America
Venezuela,2019,VEN,148,50.9,Amériques,5,South America
Venezuela,2020,VEN,147,54.34,Amériques,5,South America
Venezuela,2021,VEN,148,52.4,Amériques,3.89,South America
Venezuela,2022,VEN,159,37.78,Amériques,5.56,South America
Vietnam,2013,VNM,172,28.22,Asie-Pacifique,3.89,Asia
Vietnam,2014,VNM,174,27.64,Asie-Pacifique,3.89,Asia
Vietnam,2015,VNM,175,27.37,Asie-Pacifique,3.89,Asia
Vietnam,2016,VNM,175,25.73,Asie-Pacifique,3.89,Asia
Vietnam,2017,VNM,175,26.04,Asie-Pacifique,3.89,Asia
Vietnam,2018,VNM,175,24.95,Asie-Pacifique,3.89,Asia
Vietnam,2019,VNM,176,25.07,Asie-Pacifique,3.89,Asia
Vietnam,2020,VNM,175,25.29,Asie-Pacifique,3.89,Asia
Vietnam,2021,VNM,175,21.54,Asie-Pacifique,3.89,Asia
Vietnam,2022,VNM,174,26.11,Asie-Pacifique,3.33,Asia
Yemen,2013,YEM,169,30.78,MENA,5,Asia
Yemen,2014,YEM,167,32.74,MENA,5,Asia
Yemen,2015,YEM,168,33.64,MENA,4.44,Asia
Yemen,2016,YEM,170,32.93,MENA,4.44,Asia
Yemen,2017,YEM,166,34.2,MENA,4.44,Asia
Yemen,2018,YEM,167,37.77,MENA,3.89,Asia
Yemen,2019,YEM,168,38.34,MENA,3.89,Asia
Yemen,2020,YEM,167,41.75,MENA,3.89,Asia
Yemen,2021,YEM,169,37.65,MENA,3.89,Asia
Yemen,2022,YEM,169,29.14,Maghreb - Moyen-Orient,3.89,Asia
Zambia,2013,ZMB,72,72.07,Afrique,4.44,Africa
Zambia,2014,ZMB,93,69.11,Afrique,4.44,Africa
Zambia,2015,ZMB,113,65.65,Afrique,3.89,Africa
Zambia,2016,ZMB,114,64.92,Afrique,3.89,Africa
Zambia,2017,ZMB,114,63.52,Afrique,3.89,Africa
Zambia,2018,ZMB,113,64.64,Afrique,3.89,Africa
Zambia,2019,ZMB,119,63.62,Afrique,4.44,Africa
Zambia,2020,ZMB,120,63,Afrique,3.89,Africa
Zambia,2021,ZMB,115,61.79,Afrique,5,Africa
Zambia,2022,ZMB,109,55.4,Afrique,5,Africa
Zimbabwe,2013,ZWE,133,61.88,Afrique,3.33,Africa
Zimbabwe,2014,ZWE,135,60.81,Afrique,3.89,Africa
Zimbabwe,2015,ZWE,131,60.81,Afrique,3.89,Africa
Zimbabwe,2016,ZWE,124,59.59,Afrique,3.89,Africa
Zimbabwe,2017,ZWE,128,58.56,Afrique,4.44,Africa
Zimbabwe,2018,ZWE,126,59.47,Afrique,4.44,Africa
Zimbabwe,2019,ZWE,127,57.77,Afrique,4.44,Africa
Zimbabwe,2020,ZWE,126,59.05,Afrique,4.44,Africa
Zimbabwe,2021,ZWE,130,56.88,Afrique,3.89,Africa
Zimbabwe,2022,ZWE,137,44.94,Afrique,3.89,Africa
