Year,ISO,Rank,Score,country_name,Zone,pol_part_score
2013,AFG,128,62.64,Afghanistan,Asie-Pacifique,2.78
2014,AFG,128,62.93,Afghanistan,Asie-Pacifique,3.89
2015,AFG,122,62.56,Afghanistan,Asie-Pacifique,3.89
2016,AFG,120,62.25,Afghanistan,Asie-Pacifique,2.78
2017,AFG,120,60.54,Afghanistan,Asie-Pacifique,2.78
2018,AFG,118,62.72,Afghanistan,Asie-Pacifique,4.44
2019,AFG,121,63.45,Afghanistan,Asie-Pacifique,3.89
2020,AFG,122,62.3,Afghanistan,Asie-Pacifique,3.89
2021,AFG,122,59.81,Afghanistan,Asie-Pacifique,0
2022,AFG,156,38.27,Afghanistan,Asie-Pacifique,0
2013,ALB,102,69.12,Albania,UE Balkans,5
2014,ALB,85,70.08,Albania,UE Balkans,5
2015,ALB,82,71.23,Albania,UE Balkans,5.56
2016,ALB,82,70.08,Albania,UE Balkans,5.56
2017,ALB,76,70.08,Albania,UE Balkans,5.56
2018,ALB,75,70.51,Albania,UE Balkans,5.56
2019,ALB,82,70.16,Albania,UE Balkans,4.44
2020,ALB,84,69.75,Albania,UE Balkans,4.44
2021,ALB,83,69.41,Albania,UE Balkans,4.44
2022,ALB,103,56.41,Albania,Europe - Asie centrale,5
2013,DZA,125,63.46,Algeria,MENA,3.89
2014,DZA,121,63.74,Algeria,MENA,3.89
2015,DZA,119,63.37,Algeria,MENA,3.89
2016,DZA,129,58.31,Algeria,MENA,3.89
2017,DZA,134,57.17,Algeria,MENA,3.89
2018,DZA,136,56.87,Algeria,MENA,3.89
2019,DZA,141,54.25,Algeria,MENA,5
2020,DZA,146,54.48,Algeria,MENA,4.44
2021,DZA,146,52.74,Algeria,MENA,4.44
2022,DZA,134,45.53,Algeria,Maghreb - Moyen-Orient,3.89
2013,AGO,130,62.2,Angola,Afrique,5
2014,AGO,124,63.5,Angola,Afrique,5
2015,AGO,123,62.16,Angola,Afrique,5
2016,AGO,123,60.11,Angola,Afrique,5.56
2017,AGO,125,59.58,Angola,Afrique,5.56
2018,AGO,121,61.65,Angola,Afrique,5.56
2019,AGO,109,65.04,Angola,Afrique,5.56
2020,AGO,106,66.08,Angola,Afrique,5.56
2021,AGO,103,65.94,Angola,Afrique,5
2022,AGO,99,57.17,Angola,Afrique,4.44
2013,ARG,54,74.33,Argentina,Amériques,5.56
2014,ARG,55,74.73,Argentina,Amériques,5.56
2015,ARG,57,73.89,Argentina,Amériques,6.11
2016,ARG,54,74.91,Argentina,Amériques,6.11
2017,ARG,50,74.93,Argentina,Amériques,6.11
2018,ARG,52,73.95,Argentina,Amériques,6.11
2019,ARG,57,71.7,Argentina,Amériques,6.11
2020,ARG,64,71.22,Argentina,Amériques,6.67
2021,ARG,69,71.01,Argentina,Amériques,7.22
2022,ARG,29,77.28,Argentina,Amériques,7.78
2013,ARM,74,71.96,Armenia,EEAC,3.89
2014,ARM,78,70.93,Armenia,EEAC,4.44
2015,ARM,78,71.57,Armenia,EEAC,4.44
2016,ARM,74,71.21,Armenia,EEAC,4.44
2017,ARM,79,69.62,Armenia,EEAC,5
2018,ARM,80,70.01,Armenia,EEAC,5.56
2019,ARM,61,71.02,Armenia,EEAC,6.11
2020,ARM,61,71.4,Armenia,EEAC,6.11
2021,ARM,63,71.17,Armenia,EEAC,6.11
2022,ARM,51,68.97,Armenia,Europe - Asie centrale,6.11
2013,AUS,26,84.76,Australia,Asie-Pacifique,7.779999999999999
2014,AUS,28,83.09,Australia,Asie-Pacifique,7.779999999999999
2015,AUS,25,82.97,Australia,Asie-Pacifique,7.779999999999999
2016,AUS,25,82.16,Australia,Asie-Pacifique,7.779999999999999
2017,AUS,19,83.98,Australia,Asie-Pacifique,7.779999999999999
2018,AUS,19,84.54,Australia,Asie-Pacifique,7.779999999999999
2019,AUS,21,83.45,Australia,Asie-Pacifique,7.779999999999999
2020,AUS,26,79.79,Australia,Asie-Pacifique,7.779999999999999
2021,AUS,25,80.21,Australia,Asie-Pacifique,7.78
2022,AUS,39,73.77,Australia,Asie-Pacifique,7.78
2013,AUT,12,90.6,Austria,UE Balkans,7.779999999999999
2014,AUT,12,89.99,Austria,UE Balkans,8.33
2015,AUT,7,89.15,Austria,UE Balkans,8.33
2016,AUT,11,86.82,Austria,UE Balkans,8.33
2017,AUT,11,86.53,Austria,UE Balkans,8.33
2018,AUT,11,85.96,Austria,UE Balkans,8.33
2019,AUT,16,84.67,Austria,UE Balkans,8.33
2020,AUT,18,84.22,Austria,UE Balkans,8.33
2021,AUT,17,83.66,Austria,UE Balkans,8.89
2022,AUT,31,76.74,Austria,Europe - Asie centrale,8.89
2013,AZE,156,52.27,Azerbaijan,EEAC,3.33
2014,AZE,160,47.13,Azerbaijan,EEAC,3.33
2015,AZE,162,41.59,Azerbaijan,EEAC,3.33
2016,AZE,163,42.11,Azerbaijan,EEAC,3.33
2017,AZE,162,43.6,Azerbaijan,EEAC,3.33
2018,AZE,163,40.27,Azerbaijan,EEAC,3.33
2019,AZE,166,40.87,Azerbaijan,EEAC,2.78
2020,AZE,168,41.52,Azerbaijan,EEAC,3.33
2021,AZE,167,41.23,Azerbaijan,EEAC,2.78
2022,AZE,154,39.4,Azerbaijan,Europe - Asie centrale,3.33
2013,BHR,165,37.25,Bahrain,MENA,2.78
2014,BHR,163,41.74,Bahrain,MENA,2.78
2015,BHR,163,41.31,Bahrain,MENA,2.78
2016,BHR,162,45.14,Bahrain,MENA,2.78
2017,BHR,164,41.12,Bahrain,MENA,2.78
2018,BHR,166,39.15,Bahrain,MENA,2.78
2019,BHR,167,38.69,Bahrain,MENA,2.78
2020,BHR,169,39.87,Bahrain,MENA,2.78
2021,BHR,168,38.9,Bahrain,MENA,3.33
2022,BHR,167,30.97,Bahrain,Maghreb - Moyen-Orient,3.33
2013,BGD,144,57.99,Bangladesh,Asie-Pacifique,5
2014,BGD,146,57.42,Bangladesh,Asie-Pacifique,5
2015,BGD,146,57.05,Bangladesh,Asie-Pacifique,5
2016,BGD,144,54.06,Bangladesh,Asie-Pacifique,5
2017,BGD,146,51.64,Bangladesh,Asie-Pacifique,5
2018,BGD,146,51.38,Bangladesh,Asie-Pacifique,5.56
2019,BGD,150,49.26,Bangladesh,Asie-Pacifique,6.11
2020,BGD,151,50.63,Bangladesh,Asie-Pacifique,6.11
2021,BGD,152,50.29,Bangladesh,Asie-Pacifique,5.56
2022,BGD,162,36.63,Bangladesh,Asie-Pacifique,5.56
2013,BLR,157,51.65,Belarus,EEAC,3.89
2014,BLR,157,52.18,Belarus,EEAC,3.89
2015,BLR,157,52.02,Belarus,EEAC,3.89
2016,BLR,157,45.68,Belarus,EEAC,3.89
2017,BLR,153,47.57,Belarus,EEAC,3.89
2018,BLR,155,47.41,Belarus,EEAC,3.89
2019,BLR,153,48.34,Belarus,EEAC,2.78
2020,BLR,153,50.25,Belarus,EEAC,3.89
2021,BLR,158,49.18,Belarus,EEAC,3.89
2022,BLR,153,39.62,Belarus,Europe - Asie centrale,3.33
2013,BEL,21,87.06,Belgium,UE Balkans,5.56
2014,BEL,23,87.2,Belgium,UE Balkans,5.56
2015,BEL,15,88.02,Belgium,UE Balkans,5.56
2016,BEL,13,85.82,Belgium,UE Balkans,5
2017,BEL,9,87.25,Belgium,UE Balkans,5
2018,BEL,7,86.84,Belgium,UE Balkans,5
2019,BEL,9,87.93,Belgium,UE Balkans,5
2020,BEL,12,87.43,Belgium,UE Balkans,5
2021,BEL,11,88.31,Belgium,UE Balkans,5
2022,BEL,23,78.86,Belgium,Europe - Asie centrale,5
2013,BEN,79,71.67,Benin,Afrique,4.44
2014,BEN,75,71.17,Benin,Afrique,4.44
2015,BEN,84,70.76,Benin,Afrique,4.44
2016,BEN,78,71.03,Benin,Afrique,5
2017,BEN,78,69.68,Benin,Afrique,5
2018,BEN,84,69.84,Benin,Afrique,5
2019,BEN,96,68.26,Benin,Afrique,4.44
2020,BEN,113,64.89,Benin,Afrique,3.89
2021,BEN,114,61.82,Benin,Afrique,3.89
2022,BEN,121,48.39,Benin,Afrique,3.33
2013,BTN,82,71.58,Bhutan,Asie-Pacifique,3.33
2014,BTN,92,69.27,Bhutan,Asie-Pacifique,2.78
2015,BTN,104,67.35,Bhutan,Asie-Pacifique,2.78
2016,BTN,94,69.27,Bhutan,Asie-Pacifique,2.78
2017,BTN,84,69.27,Bhutan,Asie-Pacifique,2.78
2018,BTN,94,69.27,Bhutan,Asie-Pacifique,2.78
2019,BTN,80,70.19,Bhutan,Asie-Pacifique,2.78
2020,BTN,67,71.1,Bhutan,Asie-Pacifique,3.33
2021,BTN,65,71.14,Bhutan,Asie-Pacifique,3.33
2022,BTN,33,76.46,Bhutan,Asie-Pacifique,3.33
2013,BOL,109,67.2,Bolivia,Amériques,5.56
2014,BOL,94,68.96,Bolivia,Amériques,5.56
2015,BOL,94,68.71,Bolivia,Amériques,5
2016,BOL,97,68.22,Bolivia,Amériques,5
2017,BOL,107,66.12,Bolivia,Amériques,5
2018,BOL,110,67.55,Bolivia,Amériques,5.56
2019,BOL,113,64.62,Bolivia,Amériques,5
2020,BOL,114,64.63,Bolivia,Amériques,6.11
2021,BOL,110,64.53,Bolivia,Amériques,6.11
2022,BOL,126,47.58,Bolivia,Amériques,6.67
2013,BIH,68,73.14,Bosnia and Herzegovina,UE Balkans,3.33
2014,BIH,66,73.14,Bosnia and Herzegovina,UE Balkans,3.33
2015,BIH,66,72.49,Bosnia and Herzegovina,UE Balkans,3.89
2016,BIH,68,71.55,Bosnia and Herzegovina,UE Balkans,5
2017,BIH,65,72.17,Bosnia and Herzegovina,UE Balkans,5
2018,BIH,62,72.63,Bosnia and Herzegovina,UE Balkans,5.56
2019,BIH,63,70.98,Bosnia and Herzegovina,UE Balkans,5.56
2020,BIH,58,71.49,Bosnia and Herzegovina,UE Balkans,5.56
2021,BIH,58,71.66,Bosnia and Herzegovina,UE Balkans,5.56
2022,BIH,67,65.64,Bosnia and Herzegovina,Europe - Asie centrale,5
2013,BWA,40,77.09,Botswana,Afrique,6.67
2014,BWA,41,77.09,Botswana,Afrique,6.11
2015,BWA,42,77.09,Botswana,Afrique,6.11
2016,BWA,43,77.09,Botswana,Afrique,6.11
2017,BWA,48,75.07,Botswana,Afrique,6.11
2018,BWA,48,74.71,Botswana,Afrique,6.11
2019,BWA,44,74.91,Botswana,Afrique,6.11
2020,BWA,39,76.44,Botswana,Afrique,6.11
2021,BWA,38,76.75,Botswana,Afrique,6.67
2022,BWA,95,58.49,Botswana,Afrique,6.67
2013,BRA,108,67.25,Brazil,Amériques,5
2014,BRA,111,65.97,Brazil,Amériques,4.44
2015,BRA,99,68.07,Brazil,Amériques,5.56
2016,BRA,104,67.38,Brazil,Amériques,5.56
2017,BRA,103,66.42,Brazil,Amériques,6.11
2018,BRA,102,68.8,Brazil,Amériques,6.67
2019,BRA,105,67.21,Brazil,Amériques,6.11
2020,BRA,107,65.95,Brazil,Amériques,6.11
2021,BRA,111,63.75,Brazil,Amériques,6.11
2022,BRA,110,55.36,Brazil,Amériques,6.67
2013,BGR,87,71.42,Bulgaria,UE Balkans,6.67
2014,BGR,100,68.58,Bulgaria,UE Balkans,5.56
2015,BGR,106,67.09,Bulgaria,UE Balkans,7.220000000000001
2016,BGR,113,65.54,Bulgaria,UE Balkans,7.220000000000001
2017,BGR,109,64.99,Bulgaria,UE Balkans,7.220000000000001
2018,BGR,111,64.78,Bulgaria,UE Balkans,7.220000000000001
2019,BGR,111,64.89,Bulgaria,UE Balkans,7.220000000000001
2020,BGR,111,64.94,Bulgaria,UE Balkans,7.220000000000001
2021,BGR,112,62.71,Bulgaria,UE Balkans,7.22
2022,BGR,91,59.12,Bulgaria,Europe - Asie centrale,6.11
2013,BFA,46,76.3,Burkina Faso,Afrique,3.33
2014,BFA,52,75.55,Burkina Faso,Afrique,3.33
2015,BFA,46,76.21,Burkina Faso,Afrique,4.44
2016,BFA,42,77.34,Burkina Faso,Afrique,4.44
2017,BFA,42,76.15,Burkina Faso,Afrique,4.44
2018,BFA,41,76.67,Burkina Faso,Afrique,4.44
2019,BFA,36,75.47,Burkina Faso,Afrique,4.44
2020,BFA,38,76.53,Burkina Faso,Afrique,4.44
2021,BFA,37,76.83,Burkina Faso,Afrique,5
2022,BFA,41,73.12,Burkina Faso,Afrique,5
2013,BDI,132,61.98,Burundi,Afrique,3.89
2014,BDI,142,59.5,Burundi,Afrique,3.89
2015,BDI,145,57.07,Burundi,Afrique,3.89
2016,BDI,156,45.9,Burundi,Afrique,3.89
2017,BDI,160,44.22,Burundi,Afrique,3.89
2018,BDI,159,44.74,Burundi,Afrique,3.89
2019,BDI,159,47.11,Burundi,Afrique,3.33
2020,BDI,160,44.67,Burundi,Afrique,3.33
2021,BDI,147,52.43,Burundi,Afrique,3.89
2022,BDI,107,55.74,Burundi,Afrique,3.89
2013,KHM,143,58.19,Cambodia,Asie-Pacifique,2.78
2014,KHM,144,59.03,Cambodia,Asie-Pacifique,3.33
2015,KHM,139,59.01,Cambodia,Asie-Pacifique,3.33
2016,KHM,128,59.3,Cambodia,Asie-Pacifique,3.33
2017,KHM,132,57.93,Cambodia,Asie-Pacifique,2.22
2018,KHM,142,54.1,Cambodia,Asie-Pacifique,2.78
2019,KHM,143,54.1,Cambodia,Asie-Pacifique,3.33
2020,KHM,144,54.54,Cambodia,Asie-Pacifique,3.89
2021,KHM,144,53.16,Cambodia,Asie-Pacifique,3.89
2022,KHM,142,43.48,Cambodia,Asie-Pacifique,5
2013,CMR,120,65.22,Cameroon,Afrique,3.89
2014,CMR,131,61.87,Cameroon,Afrique,3.89
2015,CMR,133,60.37,Cameroon,Afrique,3.89
2016,CMR,126,59.47,Cameroon,Afrique,3.89
2017,CMR,130,58.41,Cameroon,Afrique,3.89
2018,CMR,129,59.08,Cameroon,Afrique,3.33
2019,CMR,131,56.68,Cameroon,Afrique,3.33
2020,CMR,134,56.72,Cameroon,Afrique,3.33
2021,CMR,135,56.22,Cameroon,Afrique,3.89
2022,CMR,118,49.1,Cameroon,Afrique,3.89
2013,CAN,20,87.31,Canada,Amériques,7.779999999999999
2014,CAN,18,89.01,Canada,Amériques,7.779999999999999
2015,CAN,8,89.01,Canada,Amériques,7.779999999999999
2016,CAN,18,84.74,Canada,Amériques,7.779999999999999
2017,CAN,22,83.47,Canada,Amériques,7.779999999999999
2018,CAN,18,84.72,Canada,Amériques,7.779999999999999
2019,CAN,18,84.31,Canada,Amériques,7.779999999999999
2020,CAN,16,84.71,Canada,Amériques,8.89
2021,CAN,14,84.75,Canada,Amériques,8.89
2022,CAN,19,81.74,Canada,Amériques,8.89
2013,CPV,25,85.67,Cape Verde,Afrique,7.220000000000001
2014,CPV,24,85.68,Cape Verde,Afrique,6.67
2015,CPV,36,79.31,Cape Verde,Afrique,6.67
2016,CPV,32,80.18,Cape Verde,Afrique,6.67
2017,CPV,27,81.98,Cape Verde,Afrique,6.67
2018,CPV,29,79.61,Cape Verde,Afrique,6.67
2019,CPV,25,80.19,Cape Verde,Afrique,6.67
2020,CPV,25,79.85,Cape Verde,Afrique,6.67
2021,CPV,27,79.91,Cape Verde,Afrique,6.67
2022,CPV,36,75.37,Cape Verde,Afrique,6.67
2013,CAF,65,73.39,Central African Republic,Afrique,1.67
2014,CAF,109,66.87,Central African Republic,Afrique,1.67
2015,CAF,110,66.16,Central African Republic,Afrique,1.67
2016,CAF,110,66.4,Central African Republic,Afrique,1.11
2017,CAF,113,63.88,Central African Republic,Afrique,1.11
2018,CAF,112,64.75,Central African Republic,Afrique,1.11
2019,CAF,145,52.73,Central African Republic,Afrique,1.11
2020,CAF,132,57.13,Central African Republic,Afrique,1.11
2021,CAF,126,58.08,Central African Republic,Afrique,1.67
2022,CAF,101,56.96,Central African Republic,Afrique,1.67
2013,TCD,121,65.13,Chad,Afrique,1.11
2014,TCD,139,59.78,Chad,Afrique,1.11
2015,TCD,135,59.83,Chad,Afrique,1.11
2016,TCD,127,59.41,Chad,Afrique,1.11
2017,TCD,121,60.34,Chad,Afrique,1.11
2018,TCD,123,61.55,Chad,Afrique,1.67
2019,TCD,122,63.29,Chad,Afrique,1.67
2020,TCD,123,60.3,Chad,Afrique,1.67
2021,TCD,123,59.8,Chad,Afrique,2.22
2022,TCD,104,56.18,Chad,Afrique,2.22
2013,CHL,60,73.76,Chile,Amériques,3.89
2014,CHL,58,74.2,Chile,Amériques,3.89
2015,CHL,43,77,Chile,Amériques,4.44
2016,CHL,31,80.77,Chile,Amériques,4.44
2017,CHL,33,79.47,Chile,Amériques,4.44
2018,CHL,38,77.31,Chile,Amériques,4.44
2019,CHL,46,74.35,Chile,Amériques,5
2020,CHL,51,72.69,Chile,Amériques,6.67
2021,CHL,54,72.11,Chile,Amériques,5.56
2022,CHL,82,60.61,Chile,Amériques,6.67
2013,CHN,173,26.93,China,Asie-Pacifique,3.89
2014,CHN,175,27.09,China,Asie-Pacifique,3.89
2015,CHN,176,26.45,China,Asie-Pacifique,3.33
2016,CHN,176,19.04,China,Asie-Pacifique,3.33
2017,CHN,176,22.34,China,Asie-Pacifique,2.78
2018,CHN,176,21.71,China,Asie-Pacifique,3.89
2019,CHN,177,21.08,China,Asie-Pacifique,3.33
2020,CHN,177,21.52,China,Asie-Pacifique,2.78
2021,CHN,177,21.28,China,Asie-Pacifique,2.78
2022,CHN,175,25.17,China,Asie-Pacifique,2.78
2013,COL,129,62.52,Colombia,Amériques,3.89
2014,COL,126,63.32,Colombia,Amériques,3.89
2015,COL,128,60.92,Colombia,Amériques,3.89
2016,COL,134,55.89,Colombia,Amériques,4.44
2017,COL,129,58.53,Colombia,Amériques,4.44
2018,COL,130,58.97,Colombia,Amériques,5
2019,COL,129,57.18,Colombia,Amériques,5.56
2020,COL,130,57.34,Colombia,Amériques,6.67
2021,COL,134,56.26,Colombia,Amériques,6.11
2022,COL,145,42.43,Colombia,Amériques,6.67
2013,COM,51,75.48,Comoros,Afrique,3.89
2014,COM,53,75.48,Comoros,Afrique,3.89
2015,COM,50,75.48,Comoros,Afrique,4.44
2016,COM,50,75.67,Comoros,Afrique,4.44
2017,COM,44,75.67,Comoros,Afrique,4.44
2018,COM,49,74.7,Comoros,Afrique,4.44
2019,COM,56,72.09,Comoros,Afrique,3.89
2020,COM,75,70.23,Comoros,Afrique,3.89
2021,COM,84,69.35,Comoros,Afrique,4.44
2022,COM,83,60.16,Comoros,Afrique,4.44
2013,COG,76,71.8,Congo,Afrique,3.33
2014,COG,82,70.56,Congo,Afrique,3.33
2015,COG,107,67,Congo,Afrique,3.33
2016,COG,115,64.16,Congo,Afrique,3.33
2017,COG,115,63.27,Congo,Afrique,3.89
2018,COG,114,64.58,Congo,Afrique,3.89
2019,COG,117,63.96,Congo,Afrique,3.89
2020,COG,118,63.44,Congo,Afrique,3.89
2021,COG,118,61.17,Congo,Afrique,4.44
2022,COG,93,58.64,Congo,Afrique,4.44
2013,CRI,18,87.92,Costa Rica,Amériques,6.11
2014,CRI,21,87.77,Costa Rica,Amériques,6.11
2015,CRI,16,87.74,Costa Rica,Amériques,6.11
2016,CRI,6,88.9,Costa Rica,Amériques,6.11
2017,CRI,6,88.07,Costa Rica,Amériques,6.67
2018,CRI,10,85.99,Costa Rica,Amériques,6.67
2019,CRI,10,87.76,Costa Rica,Amériques,6.67
2020,CRI,7,89.47,Costa Rica,Amériques,7.220000000000001
2021,CRI,5,91.24,Costa Rica,Amériques,7.78
2022,CRI,8,85.92,Costa Rica,Amériques,7.78
2013,CIV,96,70.23,Cote d'Ivoire,Afrique,5
2014,CIV,101,68.37,Cote d'Ivoire,Afrique,5
2015,CIV,86,69.55,Cote d'Ivoire,Afrique,3.89
2016,CIV,86,69.83,Cote d'Ivoire,Afrique,3.33
2017,CIV,81,69.58,Cote d'Ivoire,Afrique,3.33
2018,CIV,82,69.92,Cote d'Ivoire,Afrique,3.33
2019,CIV,71,70.48,Cote d'Ivoire,Afrique,3.33
2020,CIV,68,71.06,Cote d'Ivoire,Afrique,3.89
2021,CIV,66,71.13,Cote d'Ivoire,Afrique,4.44
2022,CIV,37,74.46,Cote d'Ivoire,Afrique,4.44
2013,HRV,64,73.39,Croatia,UE Balkans,5.56
2014,HRV,65,73.18,Croatia,UE Balkans,5.56
2015,HRV,58,73.88,Croatia,UE Balkans,5.56
2016,HRV,63,72.09,Croatia,UE Balkans,5.56
2017,HRV,74,70.41,Croatia,UE Balkans,5.56
2018,HRV,69,71.06,Croatia,UE Balkans,5.56
2019,HRV,64,70.97,Croatia,UE Balkans,5.56
2020,HRV,59,71.49,Croatia,UE Balkans,6.11
2021,HRV,56,72.05,Croatia,UE Balkans,6.11
2022,HRV,48,70.42,Croatia,Europe - Asie centrale,6.11
2013,CUB,171,28.36,Cuba,Amériques,3.89
2014,CUB,170,29.08,Cuba,Amériques,3.89
2015,CUB,169,29.79,Cuba,Amériques,3.89
2016,CUB,171,29.77,Cuba,Amériques,3.89
2017,CUB,173,28.25,Cuba,Amériques,3.89
2018,CUB,172,31.1,Cuba,Amériques,3.33
2019,CUB,169,36.19,Cuba,Amériques,3.33
2020,CUB,171,36.19,Cuba,Amériques,3.33
2021,CUB,171,36.06,Cuba,Amériques,3.33
2022,CUB,173,27.32,Cuba,Amériques,3.33
2013,CYP,24,86.17,Cyprus,UE Balkans,6.11
2014,CYP,25,85.55,Cyprus,UE Balkans,6.67
2015,CYP,24,83.48,Cyprus,UE Balkans,6.67
2016,CYP,27,81.74,Cyprus,UE Balkans,6.67
2017,CYP,30,80.21,Cyprus,UE Balkans,6.67
2018,CYP,25,80.15,Cyprus,UE Balkans,6.67
2019,CYP,28,78.26,Cyprus,UE Balkans,6.67
2020,CYP,27,79.55,Cyprus,UE Balkans,7.220000000000001
2021,CYP,26,80.15,Cyprus,UE Balkans,7.22
2022,CYP,65,65.97,Cyprus,Europe - Asie centrale,6.67
2013,CZE,16,89.83,Czechia,UE Balkans,6.67
2014,CZE,13,89.93,Czechia,UE Balkans,6.67
2015,CZE,13,88.38,Czechia,UE Balkans,6.67
2016,CZE,21,83.34,Czechia,UE Balkans,6.67
2017,CZE,23,83.09,Czechia,UE Balkans,6.67
2018,CZE,34,78.11,Czechia,UE Balkans,6.67
2019,CZE,40,75.11,Czechia,UE Balkans,6.67
2020,CZE,40,76.43,Czechia,UE Balkans,6.67
2021,CZE,40,76.62,Czechia,UE Balkans,6.67
2022,CZE,20,80.54,Czechia,Europe - Asie centrale,7.22
2013,COD,142,58.34,Democratic Republic of Congo,Afrique,2.22
2014,COD,151,55.36,Democratic Republic of Congo,Afrique,2.22
2015,COD,150,55.69,Democratic Republic of Congo,Afrique,2.78
2016,COD,152,49.03,Democratic Republic of Congo,Afrique,2.78
2017,COD,154,47.33,Democratic Republic of Congo,Afrique,2.22
2018,COD,154,48.4,Democratic Republic of Congo,Afrique,2.22
2019,COD,154,48.29,Democratic Republic of Congo,Afrique,1.67
2020,COD,150,50.91,Democratic Republic of Congo,Afrique,1.67
2021,COD,149,51.41,Democratic Republic of Congo,Afrique,2.22
2022,COD,125,47.66,Democratic Republic of Congo,Afrique,2.22
2013,DNK,6,92.92,Denmark,UE Balkans,8.89
2014,DNK,7,92.57,Denmark,UE Balkans,8.33
2015,DNK,3,91.76,Denmark,UE Balkans,8.33
2016,DNK,4,91.11,Denmark,UE Balkans,8.33
2017,DNK,4,89.64,Denmark,UE Balkans,8.33
2018,DNK,9,86.01,Denmark,UE Balkans,8.33
2019,DNK,5,90.13,Denmark,UE Balkans,8.33
2020,DNK,3,91.87,Denmark,UE Balkans,8.33
2021,DNK,4,91.43,Denmark,UE Balkans,8.33
2022,DNK,2,90.27,Denmark,Europe - Asie centrale,8.33
2013,DJI,167,32.6,Djibouti,Afrique,3.33
2014,DJI,169,29.66,Djibouti,Afrique,3.33
2015,DJI,170,28.96,Djibouti,Afrique,3.33
2016,DJI,172,29.1,Djibouti,Afrique,3.33
2017,DJI,172,29.46,Djibouti,Afrique,3.33
2018,DJI,173,29.23,Djibouti,Afrique,3.89
2019,DJI,173,28.64,Djibouti,Afrique,3.89
2020,DJI,176,23.27,Djibouti,Afrique,3.89
2021,DJI,176,21.38,Djibouti,Afrique,4.44
2022,DJI,164,35.75,Djibouti,Afrique,4.44
2013,DOM,80,71.66,Dominican Republic,Amériques,5
2014,DOM,68,72.83,Dominican Republic,Amériques,5
2015,DOM,63,72.69,Dominican Republic,Amériques,5
2016,DOM,62,72.1,Dominican Republic,Amériques,5
2017,DOM,59,73.24,Dominican Republic,Amériques,6.11
2018,DOM,59,73.21,Dominican Republic,Amériques,6.11
2019,DOM,55,72.1,Dominican Republic,Amériques,6.11
2020,DOM,55,72.1,Dominican Republic,Amériques,6.11
2021,DOM,50,74.4,Dominican Republic,Amériques,6.67
2022,DOM,30,76.9,Dominican Republic,Amériques,7.22
2013,TLS,90,71.28,East Timor,Asie-Pacifique,5.56
2014,TLS,77,70.96,East Timor,Asie-Pacifique,5.56
2015,TLS,103,67.37,East Timor,Asie-Pacifique,5.56
2016,TLS,99,67.98,East Timor,Asie-Pacifique,5.56
2017,TLS,98,67.18,East Timor,Asie-Pacifique,5.56
2018,TLS,95,69.19,East Timor,Asie-Pacifique,5.56
2019,TLS,84,70.07,East Timor,Asie-Pacifique,5.56
2020,TLS,78,70.1,East Timor,Asie-Pacifique,5.56
2021,TLS,71,70.89,East Timor,Asie-Pacifique,5.56
2022,TLS,17,81.89,East Timor,Asie-Pacifique,5.56
2013,ECU,119,65.31,Ecuador,Amériques,5
2014,ECU,95,68.84,Ecuador,Amériques,5
2015,ECU,108,66.35,Ecuador,Amériques,5
2016,ECU,109,66.79,Ecuador,Amériques,5
2017,ECU,105,66.36,Ecuador,Amériques,5.56
2018,ECU,92,69.44,Ecuador,Amériques,6.11
2019,ECU,97,68.12,Ecuador,Amériques,6.11
2020,ECU,98,67.38,Ecuador,Amériques,6.67
2021,ECU,96,67.17,Ecuador,Amériques,6.11
2022,ECU,68,64.61,Ecuador,Amériques,6.67
2013,EGY,158,51.34,Egypt,MENA,5
2014,EGY,159,48.11,Egypt,MENA,5
2015,EGY,158,49.83,Egypt,MENA,3.33
2016,EGY,159,45.55,Egypt,MENA,3.33
2017,EGY,161,44.22,Egypt,MENA,3.33
2018,EGY,161,43.28,Egypt,MENA,3.33
2019,EGY,163,43.53,Egypt,MENA,3.33
2020,EGY,166,43.18,Egypt,MENA,3.33
2021,EGY,166,43.83,Egypt,MENA,3.33
2022,EGY,168,30.23,Egypt,Maghreb - Moyen-Orient,3.33
2013,SLV,38,77.14,El Salvador,Amériques,3.89
2014,SLV,38,78.43,El Salvador,Amériques,3.89
2015,SLV,45,76.34,El Salvador,Amériques,4.44
2016,SLV,58,72.8,El Salvador,Amériques,4.44
2017,SLV,62,72.76,El Salvador,Amériques,5.56
2018,SLV,66,72.22,El Salvador,Amériques,5.56
2019,SLV,81,70.19,El Salvador,Amériques,6.11
2020,SLV,74,70.3,El Salvador,Amériques,6.11
2021,SLV,82,69.51,El Salvador,Amériques,5.56
2022,SLV,112,54.09,El Salvador,Amériques,5.56
2013,GNQ,166,32.8,Equatorial Guinea,Afrique,2.22
2014,GNQ,168,32.05,Equatorial Guinea,Afrique,1.67
2015,GNQ,167,33.77,Equatorial Guinea,Afrique,2.22
2016,GNQ,168,33.53,Equatorial Guinea,Afrique,2.22
2017,GNQ,171,33.53,Equatorial Guinea,Afrique,2.78
2018,GNQ,171,33.53,Equatorial Guinea,Afrique,3.33
2019,GNQ,165,41.65,Equatorial Guinea,Afrique,3.33
2020,GNQ,165,43.62,Equatorial Guinea,Afrique,3.33
2021,GNQ,164,44.33,Equatorial Guinea,Afrique,3.33
2022,GNQ,141,43.96,Equatorial Guinea,Afrique,3.33
2013,ERI,179,15.17,Eritrea,Afrique,1.11
2014,ERI,180,15.17,Eritrea,Afrique,1.67
2015,ERI,180,15.14,Eritrea,Afrique,1.67
2016,ERI,180,16.08,Eritrea,Afrique,1.67
2017,ERI,179,15.76,Eritrea,Afrique,1.67
2018,ERI,179,15.76,Eritrea,Afrique,1.67
2019,ERI,178,19.74,Eritrea,Afrique,1.67
2020,ERI,178,16.5,Eritrea,Afrique,0.56
2021,ERI,180,18.55,Eritrea,Afrique,0.56
2022,ERI,179,19.62,Eritrea,Afrique,0.56
2013,EST,11,90.74,Estonia,UE Balkans,5
2014,EST,11,90.37,Estonia,UE Balkans,5.56
2015,EST,10,88.81,Estonia,UE Balkans,6.11
2016,EST,14,85.69,Estonia,UE Balkans,6.11
2017,EST,12,86.45,Estonia,UE Balkans,6.11
2018,EST,12,85.92,Estonia,UE Balkans,6.67
2019,EST,11,87.73,Estonia,UE Balkans,6.67
2020,EST,14,87.39,Estonia,UE Balkans,6.67
2021,EST,15,84.75,Estonia,UE Balkans,6.67
2022,EST,4,88.83,Estonia,Europe - Asie centrale,6.67
2013,SWZ,155,53.24,Eswatini,Afrique,2.78
2014,SWZ,156,53.24,Eswatini,Afrique,2.22
2015,SWZ,155,52.72,Eswatini,Afrique,2.22
2016,SWZ,153,47.63,Eswatini,Afrique,2.22
2017,SWZ,152,48.73,Eswatini,Afrique,2.22
2018,SWZ,152,48.54,Eswatini,Afrique,2.22
2019,SWZ,147,50.91,Eswatini,Afrique,2.78
2020,SWZ,141,54.85,Eswatini,Afrique,2.78
2021,SWZ,141,53.66,Eswatini,Afrique,2.78
2022,SWZ,131,46.42,Eswatini,Afrique,2.78
2013,ETH,137,60.43,Ethiopia,Afrique,5.56
2014,ETH,143,59.42,Ethiopia,Afrique,5.56
2015,ETH,142,58.17,Ethiopia,Afrique,6.11
2016,ETH,142,54.87,Ethiopia,Afrique,5.56
2017,ETH,150,49.66,Ethiopia,Afrique,5.56
2018,ETH,150,49.83,Ethiopia,Afrique,5.56
2019,ETH,110,64.89,Ethiopia,Afrique,5.56
2020,ETH,99,67.18,Ethiopia,Afrique,5.56
2021,ETH,101,66.37,Ethiopia,Afrique,6.11
2022,ETH,114,50.53,Ethiopia,Afrique,6.11
2013,FJI,107,67.31,Fiji,Asie-Pacifique,3.89
2014,FJI,107,67.43,Fiji,Asie-Pacifique,6.67
2015,FJI,93,68.72,Fiji,Asie-Pacifique,6.67
2016,FJI,80,70.63,Fiji,Asie-Pacifique,6.67
2017,FJI,67,71.36,Fiji,Asie-Pacifique,6.11
2018,FJI,57,73.45,Fiji,Asie-Pacifique,6.11
2019,FJI,52,72.82,Fiji,Asie-Pacifique,6.11
2020,FJI,52,72.59,Fiji,Asie-Pacifique,6.11
2021,FJI,55,72.08,Fiji,Asie-Pacifique,5.56
2022,FJI,102,56.91,Fiji,Asie-Pacifique,5.56
2013,FIN,1,93.62,Finland,UE Balkans,7.779999999999999
2014,FIN,1,93.6,Finland,UE Balkans,7.779999999999999
2015,FIN,1,92.48,Finland,UE Balkans,7.779999999999999
2016,FIN,1,91.41,Finland,UE Balkans,7.779999999999999
2017,FIN,3,91.08,Finland,UE Balkans,7.779999999999999
2018,FIN,4,89.74,Finland,UE Balkans,8.33
2019,FIN,2,92.1,Finland,UE Balkans,8.89
2020,FIN,2,92.07,Finland,UE Balkans,8.89
2021,FIN,2,93.01,Finland,UE Balkans,8.89
2022,FIN,5,88.42,Finland,Europe - Asie centrale,8.33
2013,FRA,37,78.4,France,UE Balkans,7.220000000000001
2014,FRA,39,78.11,France,UE Balkans,7.779999999999999
2015,FRA,38,78.85,France,UE Balkans,7.779999999999999
2016,FRA,45,76.17,France,UE Balkans,7.779999999999999
2017,FRA,39,77.76,France,UE Balkans,7.779999999999999
2018,FRA,33,78.13,France,UE Balkans,7.779999999999999
2019,FRA,32,77.79,France,UE Balkans,7.779999999999999
2020,FRA,34,77.08,France,UE Balkans,7.779999999999999
2021,FRA,34,77.4,France,UE Balkans,7.78
2022,FRA,26,78.53,France,Europe - Asie centrale,7.78
2013,GAB,89,71.31,Gabon,Afrique,4.44
2014,GAB,98,68.68,Gabon,Afrique,4.44
2015,GAB,95,68.62,Gabon,Afrique,4.44
2016,GAB,100,67.8,Gabon,Afrique,4.44
2017,GAB,108,65.17,Gabon,Afrique,4.44
2018,GAB,108,67.63,Gabon,Afrique,4.44
2019,GAB,115,64.4,Gabon,Afrique,4.44
2020,GAB,121,62.8,Gabon,Afrique,4.44
2021,GAB,117,61.4,Gabon,Afrique,4.44
2022,GAB,105,56,Gabon,Afrique,4.44
2013,GMB,152,54.91,Gambia,Afrique,2.22
2014,GMB,155,53.58,Gambia,Afrique,2.22
2015,GMB,151,55.5,Gambia,Afrique,2.22
2016,GMB,145,53.47,Gambia,Afrique,2.22
2017,GMB,143,53.3,Gambia,Afrique,3.33
2018,GMB,122,61.64,Gambia,Afrique,3.33
2019,GMB,92,68.65,Gambia,Afrique,3.33
2020,GMB,87,69.38,Gambia,Afrique,4.44
2021,GMB,85,69.24,Gambia,Afrique,4.44
2022,GMB,50,69.25,Gambia,Afrique,3.89
2013,GEO,100,69.91,Georgia,EEAC,5.56
2014,GEO,84,70.22,Georgia,EEAC,5.56
2015,GEO,69,72.3,Georgia,EEAC,5.56
2016,GEO,64,72.04,Georgia,EEAC,6.11
2017,GEO,64,72.24,Georgia,EEAC,6.11
2018,GEO,61,72.66,Georgia,EEAC,6.11
2019,GEO,60,71.02,Georgia,EEAC,6.11
2020,GEO,60,71.41,Georgia,EEAC,6.11
2021,GEO,60,71.36,Georgia,EEAC,5.56
2022,GEO,89,59.3,Georgia,Europe - Asie centrale,6.11
2013,DEU,17,89.76,Germany,UE Balkans,7.220000000000001
2014,DEU,14,89.77,Germany,UE Balkans,7.779999999999999
2015,DEU,12,88.53,Germany,UE Balkans,7.779999999999999
2016,DEU,16,85.2,Germany,UE Balkans,7.779999999999999
2017,DEU,16,85.03,Germany,UE Balkans,8.33
2018,DEU,15,85.61,Germany,UE Balkans,8.33
2019,DEU,13,85.4,Germany,UE Balkans,8.33
2020,DEU,11,87.84,Germany,UE Balkans,8.33
2021,DEU,13,84.76,Germany,UE Balkans,8.33
2022,DEU,16,82.04,Germany,Europe - Asie centrale,8.33
2013,GHA,30,82.73,Ghana,Afrique,5.56
2014,GHA,27,83.71,Ghana,Afrique,5.56
2015,GHA,22,84.5,Ghana,Afrique,6.67
2016,GHA,26,82.05,Ghana,Afrique,6.11
2017,GHA,26,82.05,Ghana,Afrique,6.67
2018,GHA,23,81.59,Ghana,Afrique,6.67
2019,GHA,27,79.19,Ghana,Afrique,6.67
2020,GHA,30,77.74,Ghana,Afrique,6.67
2021,GHA,30,78.67,Ghana,Afrique,6.67
2022,GHA,60,67.43,Ghana,Afrique,6.67
2013,GRC,84,71.54,Greece,UE Balkans,6.67
2014,GRC,99,68.67,Greece,UE Balkans,6.67
2015,GRC,91,68.99,Greece,UE Balkans,6.67
2016,GRC,89,69.65,Greece,UE Balkans,6.11
2017,GRC,88,69.11,Greece,UE Balkans,6.11
2018,GRC,74,70.81,Greece,UE Balkans,6.11
2019,GRC,65,70.92,Greece,UE Balkans,6.67
2020,GRC,65,71.2,Greece,UE Balkans,6.11
2021,GRC,70,70.99,Greece,UE Balkans,6.11
2022,GRC,108,55.52,Greece,Europe - Asie centrale,6.67
2013,GTM,95,70.61,Guatemala,Amériques,3.33
2014,GTM,125,63.39,Guatemala,Amériques,3.33
2015,GTM,124,62.08,Guatemala,Amériques,3.89
2016,GTM,121,61.97,Guatemala,Amériques,3.89
2017,GTM,118,60.67,Guatemala,Amériques,3.89
2018,GTM,116,63.83,Guatemala,Amériques,3.89
2019,GTM,116,64.06,Guatemala,Amériques,3.89
2020,GTM,116,64.26,Guatemala,Amériques,5
2021,GTM,116,61.55,Guatemala,Amériques,3.89
2022,GTM,124,47.94,Guatemala,Amériques,3.89
2013,GIN,86,71.51,Guinea,Afrique,3.89
2014,GIN,102,68.33,Guinea,Afrique,4.44
2015,GIN,102,67.44,Guinea,Afrique,4.44
2016,GIN,108,66.92,Guinea,Afrique,4.44
2017,GIN,101,66.85,Guinea,Afrique,4.44
2018,GIN,104,68.1,Guinea,Afrique,4.44
2019,GIN,107,66.51,Guinea,Afrique,4.44
2020,GIN,110,65.66,Guinea,Afrique,4.44
2021,GIN,109,64.58,Guinea,Afrique,3.33
2022,GIN,84,59.82,Guinea,Afrique,3.33
2013,GNB,92,71.06,Guinea-Bissau,Afrique,1.67
2014,GNB,86,69.95,Guinea-Bissau,Afrique,2.78
2015,GNB,81,71.3,Guinea-Bissau,Afrique,2.78
2016,GNB,79,70.97,Guinea-Bissau,Afrique,2.78
2017,GNB,77,69.91,Guinea-Bissau,Afrique,2.78
2018,GNB,83,69.91,Guinea-Bissau,Afrique,2.78
2019,GNB,89,69.05,Guinea-Bissau,Afrique,2.78
2020,GNB,94,67.94,Guinea-Bissau,Afrique,2.78
2021,GNB,95,67.32,Guinea-Bissau,Afrique,3.33
2022,GNB,92,58.79,Guinea-Bissau,Afrique,3.33
2013,GUY,69,72.92,Guyana,Amériques,5.56
2014,GUY,67,72.92,Guyana,Amériques,5.56
2015,GUY,62,72.79,Guyana,Amériques,5.56
2016,GUY,57,72.93,Guyana,Amériques,6.11
2017,GUY,60,73.2,Guyana,Amériques,6.11
2018,GUY,55,73.75,Guyana,Amériques,6.11
2019,GUY,51,73.37,Guyana,Amériques,6.11
2020,GUY,49,73.37,Guyana,Amériques,6.11
2021,GUY,51,74.39,Guyana,Amériques,5.56
2022,GUY,34,76.41,Guyana,Amériques,6.67
2013,HTI,49,75.91,Haiti,Amériques,2.22
2014,HTI,47,76.47,Haiti,Amériques,2.22
2015,HTI,53,74.92,Haiti,Amériques,2.22
2016,HTI,53,75.34,Haiti,Amériques,2.22
2017,HTI,53,73.64,Haiti,Amériques,2.22
2018,HTI,60,73.18,Haiti,Amériques,3.89
2019,HTI,62,71,Haiti,Amériques,3.89
2020,HTI,83,69.8,Haiti,Amériques,2.78
2021,HTI,87,68.88,Haiti,Amériques,2.78
2022,HTI,70,64.55,Haiti,Amériques,2.78
2013,HND,127,63.08,Honduras,Amériques,3.89
2014,HND,129,62.86,Honduras,Amériques,3.89
2015,HND,132,60.73,Honduras,Amériques,3.89
2016,HND,137,55.38,Honduras,Amériques,3.89
2017,HND,140,56.25,Honduras,Amériques,4.44
2018,HND,141,54.77,Honduras,Amériques,4.44
2019,HND,146,51.47,Honduras,Amériques,4.44
2020,HND,148,51.8,Honduras,Amériques,4.44
2021,HND,151,50.65,Honduras,Amériques,4.44
2022,HND,165,34.61,Honduras,Amériques,5
2013,HKG,58,73.84,Hong Kong,Asie-Pacifique,5
2014,HKG,61,73.45,Hong Kong,Asie-Pacifique,5.56
2015,HKG,70,72.24,Hong Kong,Asie-Pacifique,5.56
2016,HKG,69,71.5,Hong Kong,Asie-Pacifique,5.56
2017,HKG,73,70.54,Hong Kong,Asie-Pacifique,5.56
2018,HKG,70,70.96,Hong Kong,Asie-Pacifique,5.56
2019,HKG,73,70.35,Hong Kong,Asie-Pacifique,6.11
2020,HKG,80,69.99,Hong Kong,Asie-Pacifique,5
2021,HKG,80,69.56,Hong Kong,Asie-Pacifique,5.56
2022,HKG,148,41.64,Hong Kong,Asie-Pacifique,5.56
2013,HUN,56,73.91,Hungary,UE Balkans,4.44
2014,HUN,64,73.27,Hungary,UE Balkans,4.44
2015,HUN,65,72.56,Hungary,UE Balkans,4.44
2016,HUN,67,71.83,Hungary,UE Balkans,4.44
2017,HUN,71,70.99,Hungary,UE Balkans,4.44
2018,HUN,73,70.89,Hungary,UE Balkans,5
2019,HUN,87,69.56,Hungary,UE Balkans,5
2020,HUN,89,69.16,Hungary,UE Balkans,5
2021,HUN,92,68.24,Hungary,UE Balkans,5
2022,HUN,85,59.8,Hungary,Europe - Asie centrale,4.44
2013,ISL,9,91.51,Iceland,UE Balkans,8.89
2014,ISL,8,91.5,Iceland,UE Balkans,8.89
2015,ISL,21,86.13,Iceland,UE Balkans,8.89
2016,ISL,19,84.7,Iceland,UE Balkans,8.89
2017,ISL,10,86.97,Iceland,UE Balkans,8.89
2018,ISL,13,85.9,Iceland,UE Balkans,8.89
2019,ISL,14,85.29,Iceland,UE Balkans,8.89
2020,ISL,15,84.88,Iceland,UE Balkans,8.89
2021,ISL,16,84.63,Iceland,UE Balkans,8.89
2022,ISL,15,82.69,Iceland,Europe - Asie centrale,8.89
2013,IND,140,58.78,India,Asie-Pacifique,6.67
2014,IND,140,59.66,India,Asie-Pacifique,7.220000000000001
2015,IND,136,59.51,India,Asie-Pacifique,7.220000000000001
2016,IND,133,56.83,India,Asie-Pacifique,7.220000000000001
2017,IND,136,57.06,India,Asie-Pacifique,7.220000000000001
2018,IND,138,56.76,India,Asie-Pacifique,7.220000000000001
2019,IND,140,54.33,India,Asie-Pacifique,6.67
2020,IND,142,54.67,India,Asie-Pacifique,6.67
2021,IND,142,53.44,India,Asie-Pacifique,7.22
2022,IND,150,41,India,Asie-Pacifique,7.22
2013,IDN,139,58.95,Indonesia,Asie-Pacifique,6.67
2014,IDN,132,61.85,Indonesia,Asie-Pacifique,6.67
2015,IDN,138,59.25,Indonesia,Asie-Pacifique,6.67
2016,IDN,130,58.28,Indonesia,Asie-Pacifique,6.67
2017,IDN,124,60.07,Indonesia,Asie-Pacifique,6.67
2018,IDN,124,60.32,Indonesia,Asie-Pacifique,6.67
2019,IDN,124,63.23,Indonesia,Asie-Pacifique,6.11
2020,IDN,119,63.18,Indonesia,Asie-Pacifique,6.11
2021,IDN,113,62.6,Indonesia,Asie-Pacifique,7.22
2022,IDN,117,49.27,Indonesia,Asie-Pacifique,7.22
2013,IRN,174,26.6,Iran,MENA,2.78
2014,IRN,173,27.71,Iran,MENA,2.78
2015,IRN,173,27.68,Iran,MENA,3.33
2016,IRN,169,33.48,Iran,MENA,3.89
2017,IRN,165,34.88,Iran,MENA,4.44
2018,IRN,164,39.29,Iran,MENA,4.44
2019,IRN,170,35.59,Iran,MENA,4.44
2020,IRN,173,35.19,Iran,MENA,3.89
2021,IRN,174,27.3,Iran,MENA,3.89
2022,IRN,178,23.22,Iran,Maghreb - Moyen-Orient,3.33
2013,IRQ,150,55.33,Iraq,MENA,7.220000000000001
2014,IRQ,153,54.56,Iraq,MENA,7.220000000000001
2015,IRQ,156,52.24,Iraq,MENA,7.220000000000001
2016,IRQ,158,45.65,Iraq,MENA,7.220000000000001
2017,IRQ,158,45.97,Iraq,MENA,7.220000000000001
2018,IRQ,160,43.44,Iraq,MENA,6.67
2019,IRQ,156,47.4,Iraq,MENA,6.67
2020,IRQ,162,44.63,Iraq,MENA,6.67
2021,IRQ,163,44.43,Iraq,MENA,6.11
2022,IRQ,172,28.59,Iraq,Maghreb - Moyen-Orient,6.11
2013,IRL,15,89.94,Ireland,UE Balkans,7.220000000000001
2014,IRL,16,89.13,Ireland,UE Balkans,7.779999999999999
2015,IRL,11,88.8,Ireland,UE Balkans,7.779999999999999
2016,IRL,9,87.6,Ireland,UE Balkans,8.33
2017,IRL,14,85.92,Ireland,UE Balkans,8.33
2018,IRL,16,85.41,Ireland,UE Balkans,8.33
2019,IRL,15,85,Ireland,UE Balkans,8.33
2020,IRL,13,87.4,Ireland,UE Balkans,8.33
2021,IRL,12,88.09,Ireland,UE Balkans,8.33
2022,IRL,6,88.3,Ireland,Europe - Asie centrale,8.33
2013,ISR,112,67.03,Israel,MENA,8.33
2014,ISR,96,68.81,Israel,MENA,8.89
2015,ISR,101,67.91,Israel,MENA,8.89
2016,ISR,101,67.42,Israel,MENA,8.89
2017,ISR,91,68.99,Israel,MENA,8.89
2018,ISR,87,69.74,Israel,MENA,8.89
2019,ISR,88,69.2,Israel,MENA,8.89
2020,ISR,88,69.16,Israel,MENA,9.44
2021,ISR,86,69.1,Israel,MENA,10
2022,ISR,86,59.62,Israel,Maghreb - Moyen-Orient,9.44
2013,ITA,57,73.89,Italy,UE Balkans,7.220000000000001
2014,ITA,49,76.25,Italy,UE Balkans,7.220000000000001
2015,ITA,73,72.06,Italy,UE Balkans,7.220000000000001
2016,ITA,77,71.07,Italy,UE Balkans,7.220000000000001
2017,ITA,52,73.74,Italy,UE Balkans,7.220000000000001
2018,ITA,46,75.88,Italy,UE Balkans,7.779999999999999
2019,ITA,43,75.02,Italy,UE Balkans,7.779999999999999
2020,ITA,41,76.31,Italy,UE Balkans,7.220000000000001
2021,ITA,41,76.61,Italy,UE Balkans,7.22
2022,ITA,58,68.16,Italy,Europe - Asie centrale,7.22
2013,JAM,13,90.12,Jamaica,Amériques,5
2014,JAM,17,89.1,Jamaica,Amériques,5
2015,JAM,9,88.82,Jamaica,Amériques,5
2016,JAM,10,87.55,Jamaica,Amériques,5
2017,JAM,8,87.27,Jamaica,Amériques,4.44
2018,JAM,6,88.67,Jamaica,Amériques,4.44
2019,JAM,8,88.87,Jamaica,Amériques,4.44
2020,JAM,6,89.49,Jamaica,Amériques,5
2021,JAM,7,90.04,Jamaica,Amériques,5
2022,JAM,12,83.35,Jamaica,Amériques,5
2013,JPN,53,74.83,Japan,Asie-Pacifique,6.11
2014,JPN,59,73.98,Japan,Asie-Pacifique,6.11
2015,JPN,61,73.05,Japan,Asie-Pacifique,6.11
2016,JPN,72,71.33,Japan,Asie-Pacifique,6.67
2017,JPN,72,70.56,Japan,Asie-Pacifique,6.11
2018,JPN,67,71.36,Japan,Asie-Pacifique,6.67
2019,JPN,67,70.64,Japan,Asie-Pacifique,6.67
2020,JPN,66,71.14,Japan,Asie-Pacifique,6.67
2021,JPN,67,71.12,Japan,Asie-Pacifique,6.67
2022,JPN,71,64.37,Japan,Asie-Pacifique,6.67
2013,JOR,134,61.53,Jordan,MENA,4.44
2014,JOR,141,59.58,Jordan,MENA,4.44
2015,JOR,143,57.93,Jordan,MENA,3.89
2016,JOR,135,55.51,Jordan,MENA,3.89
2017,JOR,138,56.76,Jordan,MENA,3.89
2018,JOR,132,58.29,Jordan,MENA,3.89
2019,JOR,130,56.89,Jordan,MENA,3.89
2020,JOR,128,57.92,Jordan,MENA,3.89
2021,JOR,129,57.11,Jordan,MENA,3.89
2022,JOR,120,48.66,Jordan,Maghreb - Moyen-Orient,3.89
2013,KAZ,160,44.92,Kazakhstan,EEAC,3.89
2014,KAZ,161,45.06,Kazakhstan,EEAC,4.44
2015,KAZ,160,46.54,Kazakhstan,EEAC,4.44
2016,KAZ,160,45.45,Kazakhstan,EEAC,4.44
2017,KAZ,157,45.99,Kazakhstan,EEAC,4.44
2018,KAZ,158,45.59,Kazakhstan,EEAC,4.44
2019,KAZ,158,47.18,Kazakhstan,EEAC,4.44
2020,KAZ,157,45.89,Kazakhstan,EEAC,5
2021,KAZ,155,49.72,Kazakhstan,EEAC,5
2022,KAZ,122,48.28,Kazakhstan,Europe - Asie centrale,5
2013,KEN,71,72.2,Kenya,Afrique,6.11
2014,KEN,90,69.3,Kenya,Afrique,6.11
2015,KEN,100,67.93,Kenya,Afrique,6.67
2016,KEN,95,68.84,Kenya,Afrique,6.67
2017,KEN,95,68.8,Kenya,Afrique,6.67
2018,KEN,96,69.18,Kenya,Afrique,6.67
2019,KEN,100,67.56,Kenya,Afrique,6.67
2020,KEN,103,66.28,Kenya,Afrique,6.67
2021,KEN,102,66.35,Kenya,Afrique,6.67
2022,KEN,69,64.59,Kenya,Afrique,6.67
2013,KWT,77,71.72,Kuwait,MENA,3.89
2014,KWT,91,69.29,Kuwait,MENA,3.89
2015,KWT,90,69.16,Kuwait,MENA,3.89
2016,KWT,103,67.41,Kuwait,MENA,3.89
2017,KWT,104,66.39,Kuwait,MENA,3.89
2018,KWT,105,68.09,Kuwait,MENA,3.89
2019,KWT,108,66.14,Kuwait,MENA,3.89
2020,KWT,109,65.7,Kuwait,MENA,3.89
2021,KWT,105,65.64,Kuwait,MENA,4.44
2022,KWT,158,37.87,Kuwait,Maghreb - Moyen-Orient,4.44
2013,KGZ,106,67.8,Kyrgyzstan,EEAC,5
2014,KGZ,97,68.76,Kyrgyzstan,EEAC,6.67
2015,KGZ,88,69.31,Kyrgyzstan,EEAC,5.56
2016,KGZ,85,69.84,Kyrgyzstan,EEAC,5.56
2017,KGZ,89,69.08,Kyrgyzstan,EEAC,6.67
2018,KGZ,98,69,Kyrgyzstan,EEAC,6.67
2019,KGZ,83,70.08,Kyrgyzstan,EEAC,6.67
2020,KGZ,82,69.81,Kyrgyzstan,EEAC,5.56
2021,KGZ,79,69.63,Kyrgyzstan,EEAC,4.44
2022,KGZ,72,64.25,Kyrgyzstan,Europe - Asie centrale,4.44
2013,LAO,168,32.01,Laos,Asie-Pacifique,1.67
2014,LAO,171,28.78,Laos,Asie-Pacifique,1.67
2015,LAO,171,28.75,Laos,Asie-Pacifique,1.67
2016,LAO,173,28.42,Laos,Asie-Pacifique,1.67
2017,LAO,170,33.59,Laos,Asie-Pacifique,1.67
2018,LAO,170,33.59,Laos,Asie-Pacifique,1.67
2019,LAO,171,35.51,Laos,Asie-Pacifique,1.67
2020,LAO,172,35.72,Laos,Asie-Pacifique,1.67
2021,LAO,172,29.44,Laos,Asie-Pacifique,1.67
2022,LAO,161,36.64,Laos,Asie-Pacifique,1.67
2013,LVA,39,77.11,Latvia,UE Balkans,5.56
2014,LVA,37,78.9,Latvia,UE Balkans,6.11
2015,LVA,28,81.88,Latvia,UE Balkans,5.56
2016,LVA,24,82.62,Latvia,UE Balkans,5.56
2017,LVA,28,81.38,Latvia,UE Balkans,5.56
2018,LVA,24,80.37,Latvia,UE Balkans,5.56
2019,LVA,24,80.47,Latvia,UE Balkans,6.11
2020,LVA,22,81.44,Latvia,UE Balkans,6.67
2021,LVA,22,80.74,Latvia,UE Balkans,6.11
2022,LVA,22,79.17,Latvia,Europe - Asie centrale,6.11
2013,LBN,101,69.85,Lebanon,MENA,7.220000000000001
2014,LBN,106,68.11,Lebanon,MENA,7.220000000000001
2015,LBN,98,68.19,Lebanon,MENA,7.779999999999999
2016,LBN,98,68.05,Lebanon,MENA,7.779999999999999
2017,LBN,99,66.99,Lebanon,MENA,7.220000000000001
2018,LBN,100,68.85,Lebanon,MENA,6.67
2019,LBN,101,67.56,Lebanon,MENA,6.67
2020,LBN,102,66.81,Lebanon,MENA,6.67
2021,LBN,107,65.07,Lebanon,MENA,6.67
2022,LBN,130,46.58,Lebanon,Maghreb - Moyen-Orient,6.67
2013,LSO,81,71.64,Lesotho,Afrique,6.67
2014,LSO,74,71.64,Lesotho,Afrique,6.67
2015,LSO,77,71.64,Lesotho,Afrique,6.67
2016,LSO,73,71.22,Lesotho,Afrique,6.67
2017,LSO,68,71.22,Lesotho,Afrique,6.67
2018,LSO,68,71.22,Lesotho,Afrique,6.67
2019,LSO,78,70.26,Lesotho,Afrique,6.67
2020,LSO,86,69.55,Lesotho,Afrique,6.11
2021,LSO,88,68.39,Lesotho,Afrique,6.11
2022,LSO,88,59.39,Lesotho,Afrique,5.56
2013,LBR,97,70.11,Liberia,Afrique,5.56
2014,LBR,89,69.35,Liberia,Afrique,5.56
2015,LBR,89,69.22,Liberia,Afrique,5.56
2016,LBR,93,69.29,Liberia,Afrique,5.56
2017,LBR,94,68.88,Liberia,Afrique,5.56
2018,LBR,89,69.67,Liberia,Afrique,5.56
2019,LBR,93,68.51,Liberia,Afrique,5.56
2020,LBR,95,67.75,Liberia,Afrique,5.56
2021,LBR,98,66.64,Liberia,Afrique,6.11
2022,LBR,75,62.77,Liberia,Afrique,6.11
2013,LBY,131,62.14,Libya,MENA,3.89
2014,LBY,137,60.16,Libya,MENA,3.33
2015,LBY,154,54.01,Libya,MENA,1.67
2016,LBY,164,42.11,Libya,MENA,1.67
2017,LBY,163,43.19,Libya,MENA,1.67
2018,LBY,162,43.21,Libya,MENA,1.67
2019,LBY,162,44.23,Libya,MENA,2.78
2020,LBY,164,44.23,Libya,MENA,3.33
2021,LBY,165,44.27,Libya,MENA,3.33
2022,LBY,143,43.16,Libya,Maghreb - Moyen-Orient,3.89
2013,LTU,33,81.76,Lithuania,UE Balkans,6.11
2014,LTU,32,80.8,Lithuania,UE Balkans,6.11
2015,LTU,31,81.2,Lithuania,UE Balkans,6.11
2016,LTU,35,80.05,Lithuania,UE Balkans,6.11
2017,LTU,36,78.63,Lithuania,UE Balkans,6.11
2018,LTU,36,77.8,Lithuania,UE Balkans,6.11
2019,LTU,30,77.94,Lithuania,UE Balkans,6.11
2020,LTU,28,78.81,Lithuania,UE Balkans,5.56
2021,LTU,28,79.85,Lithuania,UE Balkans,6.11
2022,LTU,9,84.14,Lithuania,Europe - Asie centrale,6.11
2013,LUX,4,93.32,Luxembourg,UE Balkans,6.67
2014,LUX,4,93.3,Luxembourg,UE Balkans,6.67
2015,LUX,19,86.39,Luxembourg,UE Balkans,6.67
2016,LUX,15,85.57,Luxembourg,UE Balkans,6.67
2017,LUX,15,85.28,Luxembourg,UE Balkans,6.67
2018,LUX,17,85.28,Luxembourg,UE Balkans,6.67
2019,LUX,17,84.34,Luxembourg,UE Balkans,6.67
2020,LUX,17,84.54,Luxembourg,UE Balkans,6.67
2021,LUX,20,82.44,Luxembourg,UE Balkans,6.67
2022,LUX,21,79.81,Luxembourg,Europe - Asie centrale,6.67
2013,MDG,88,71.38,Madagascar,Afrique,5
2014,MDG,81,70.62,Madagascar,Afrique,5
2015,MDG,64,72.57,Madagascar,Afrique,5.56
2016,MDG,56,72.96,Madagascar,Afrique,5.56
2017,MDG,57,73.29,Madagascar,Afrique,5.56
2018,MDG,54,73.8,Madagascar,Afrique,6.11
2019,MDG,54,72.24,Madagascar,Afrique,6.11
2020,MDG,54,72.32,Madagascar,Afrique,6.67
2021,MDG,57,71.76,Madagascar,Afrique,6.67
2022,MDG,98,58.02,Madagascar,Afrique,6.67
2013,MWI,75,71.82,Malawi,Afrique,5.56
2014,MWI,73,71.71,Malawi,Afrique,5
2015,MWI,59,73.59,Malawi,Afrique,4.44
2016,MWI,66,71.88,Malawi,Afrique,4.44
2017,MWI,70,71.03,Malawi,Afrique,4.44
2018,MWI,64,72.57,Malawi,Afrique,4.44
2019,MWI,68,70.64,Malawi,Afrique,5
2020,MWI,69,70.68,Malawi,Afrique,5
2021,MWI,62,71.2,Malawi,Afrique,5
2022,MWI,80,61.4,Malawi,Afrique,5.56
2013,MYS,145,57.27,Malaysia,Asie-Pacifique,5.56
2014,MYS,147,57.27,Malaysia,Asie-Pacifique,5.56
2015,MYS,147,56.71,Malaysia,Asie-Pacifique,5.56
2016,MYS,146,53.43,Malaysia,Asie-Pacifique,6.11
2017,MYS,144,53.11,Malaysia,Asie-Pacifique,6.11
2018,MYS,145,52.59,Malaysia,Asie-Pacifique,6.67
2019,MYS,123,63.26,Malaysia,Asie-Pacifique,6.67
2020,MYS,101,66.88,Malaysia,Asie-Pacifique,6.67
2021,MYS,119,60.53,Malaysia,Asie-Pacifique,7.22
2022,MYS,113,51.55,Malaysia,Asie-Pacifique,7.22
2013,MLI,99,69.97,Mali,Afrique,5
2014,MLI,122,63.71,Mali,Afrique,4.44
2015,MLI,118,63.67,Mali,Afrique,4.44
2016,MLI,122,60.17,Mali,Afrique,4.44
2017,MLI,116,61.73,Mali,Afrique,4.44
2018,MLI,115,63.85,Mali,Afrique,3.89
2019,MLI,112,64.77,Mali,Afrique,3.89
2020,MLI,108,65.88,Mali,Afrique,4.44
2021,MLI,99,66.5,Mali,Afrique,5.56
2022,MLI,111,54.48,Mali,Afrique,5.56
2013,MLT,45,76.7,Malta,UE Balkans,5.56
2014,MLT,51,76.16,Malta,UE Balkans,6.11
2015,MLT,48,75.84,Malta,UE Balkans,6.11
2016,MLT,46,76.16,Malta,UE Balkans,6.11
2017,MLT,47,75.24,Malta,UE Balkans,6.11
2018,MLT,65,72.56,Malta,UE Balkans,6.11
2019,MLT,77,70.26,Malta,UE Balkans,6.11
2020,MLT,81,69.84,Malta,UE Balkans,6.11
2021,MLT,81,69.54,Malta,UE Balkans,5.56
2022,MLT,78,61.55,Malta,Europe - Asie centrale,5.56
2013,MRT,67,73.24,Mauritania,Afrique,5
2014,MRT,60,73.47,Mauritania,Afrique,5
2015,MRT,55,74.73,Mauritania,Afrique,5
2016,MRT,48,75.97,Mauritania,Afrique,5
2017,MRT,55,73.51,Mauritania,Afrique,5
2018,MRT,72,70.91,Mauritania,Afrique,5
2019,MRT,94,68.35,Mauritania,Afrique,5
2020,MRT,97,67.46,Mauritania,Afrique,5
2021,MRT,94,67.75,Mauritania,Afrique,5.56
2022,MRT,97,58.1,Mauritania,Afrique,5.56
2013,MUS,62,73.53,Mauritius,Afrique,5
2014,MUS,70,72.31,Mauritius,Afrique,5
2015,MUS,68,72.31,Mauritius,Afrique,5.56
2016,MUS,61,72.31,Mauritius,Afrique,5.56
2017,MUS,56,73.33,Mauritius,Afrique,5.56
2018,MUS,56,73.55,Mauritius,Afrique,5.56
2019,MUS,58,71.54,Mauritius,Afrique,5.56
2020,MUS,56,72,Mauritius,Afrique,6.11
2021,MUS,61,71.26,Mauritius,Afrique,6.11
2022,MUS,64,66.07,Mauritius,Afrique,6.11
2013,MEX,153,54.7,Mexico,Amériques,6.67
2014,MEX,152,54.96,Mexico,Amériques,6.67
2015,MEX,148,56.31,Mexico,Amériques,7.220000000000001
2016,MEX,149,50.67,Mexico,Amériques,7.220000000000001
2017,MEX,147,51.03,Mexico,Amériques,7.220000000000001
2018,MEX,147,51.09,Mexico,Amériques,7.220000000000001
2019,MEX,144,53.22,Mexico,Amériques,7.220000000000001
2020,MEX,143,54.55,Mexico,Amériques,7.779999999999999
2021,MEX,143,53.29,Mexico,Amériques,7.22
2022,MEX,127,47.57,Mexico,Amériques,7.22
2013,MDA,55,73.99,Moldova,EEAC,5.56
2014,MDA,56,74.65,Moldova,EEAC,5.56
2015,MDA,72,72.15,Moldova,EEAC,6.67
2016,MDA,76,71.17,Moldova,EEAC,6.11
2017,MDA,80,69.59,Moldova,EEAC,6.11
2018,MDA,81,69.99,Moldova,EEAC,6.11
2019,MDA,91,68.79,Moldova,EEAC,6.11
2020,MDA,91,68.84,Moldova,EEAC,6.11
2021,MDA,89,68.39,Moldova,EEAC,6.67
2022,MDA,40,73.47,Moldova,Europe - Asie centrale,7.22
2013,MNG,98,70.07,Mongolia,Asie-Pacifique,4.44
2014,MNG,88,69.7,Mongolia,Asie-Pacifique,5
2015,MNG,54,74.75,Mongolia,Asie-Pacifique,5
2016,MNG,60,72.39,Mongolia,Asie-Pacifique,5
2017,MNG,69,71.05,Mongolia,Asie-Pacifique,5.56
2018,MNG,71,70.95,Mongolia,Asie-Pacifique,5.56
2019,MNG,70,70.49,Mongolia,Asie-Pacifique,5.56
2020,MNG,73,70.39,Mongolia,Asie-Pacifique,5.56
2021,MNG,68,71.03,Mongolia,Asie-Pacifique,6.11
2022,MNG,90,59.17,Mongolia,Asie-Pacifique,6.11
2013,MNE,113,67.03,Montenegro,UE Balkans,5
2014,MNE,114,65.22,Montenegro,UE Balkans,5
2015,MNE,114,65.37,Montenegro,UE Balkans,5
2016,MNE,106,67.21,Montenegro,UE Balkans,5
2017,MNE,106,66.35,Montenegro,UE Balkans,5.56
2018,MNE,103,68.79,Montenegro,UE Balkans,6.11
2019,MNE,104,67.26,Montenegro,UE Balkans,6.11
2020,MNE,105,66.17,Montenegro,UE Balkans,6.11
2021,MNE,104,65.67,Montenegro,UE Balkans,6.67
2022,MNE,63,66.54,Montenegro,Europe - Asie centrale,7.22
2013,MAR,136,60.96,Morocco,MENA,2.78
2014,MAR,136,60.28,Morocco,MENA,2.78
2015,MAR,130,60.81,Morocco,MENA,3.89
2016,MAR,131,57.36,Morocco,MENA,4.44
2017,MAR,133,57.58,Morocco,MENA,4.44
2018,MAR,135,56.87,Morocco,MENA,5
2019,MAR,135,56.02,Morocco,MENA,5.56
2020,MAR,133,57.12,Morocco,MENA,5.56
2021,MAR,136,56.06,Morocco,MENA,5.56
2022,MAR,135,45.42,Morocco,Maghreb - Moyen-Orient,5.56
2013,MOZ,73,71.99,Mozambique,Afrique,6.11
2014,MOZ,79,70.74,Mozambique,Afrique,5.56
2015,MOZ,85,70.02,Mozambique,Afrique,5.56
2016,MOZ,87,69.75,Mozambique,Afrique,5
2017,MOZ,93,68.95,Mozambique,Afrique,5
2018,MOZ,99,68.88,Mozambique,Afrique,5
2019,MOZ,103,67.34,Mozambique,Afrique,5
2020,MOZ,104,66.21,Mozambique,Afrique,5
2021,MOZ,108,64.61,Mozambique,Afrique,5
2022,MOZ,116,49.89,Mozambique,Afrique,5
2013,MMR,151,55.29,Myanmar,Asie-Pacifique,2.78
2014,MMR,145,58.57,Myanmar,Asie-Pacifique,2.78
2015,MMR,144,57.92,Myanmar,Asie-Pacifique,4.44
2016,MMR,143,54.52,Myanmar,Asie-Pacifique,4.44
2017,MMR,131,58.18,Myanmar,Asie-Pacifique,3.89
2018,MMR,137,56.85,Myanmar,Asie-Pacifique,3.89
2019,MMR,138,55.08,Myanmar,Asie-Pacifique,2.78
2020,MMR,139,55.23,Myanmar,Asie-Pacifique,2.78
2021,MMR,140,53.86,Myanmar,Asie-Pacifique,1.67
2022,MMR,176,25.03,Myanmar,Asie-Pacifique,0.56
2013,NAM,19,87.5,Namibia,Afrique,6.67
2014,NAM,22,87.5,Namibia,Afrique,6.67
2015,NAM,17,87.5,Namibia,Afrique,6.67
2016,NAM,17,84.85,Namibia,Afrique,6.67
2017,NAM,24,82.92,Namibia,Afrique,6.67
2018,NAM,26,79.76,Namibia,Afrique,6.67
2019,NAM,23,81.05,Namibia,Afrique,6.67
2020,NAM,23,80.75,Namibia,Afrique,6.67
2021,NAM,24,80.28,Namibia,Afrique,6.67
2022,NAM,18,81.84,Namibia,Afrique,6.67
2013,NPL,118,65.39,Nepal,Asie-Pacifique,4.44
2014,NPL,120,63.84,Nepal,Asie-Pacifique,4.44
2015,NPL,105,67.29,Nepal,Asie-Pacifique,4.44
2016,NPL,105,67.38,Nepal,Asie-Pacifique,4.44
2017,NPL,100,66.98,Nepal,Asie-Pacifique,5
2018,NPL,106,67.95,Nepal,Asie-Pacifique,5
2019,NPL,106,66.6,Nepal,Asie-Pacifique,5
2020,NPL,112,64.9,Nepal,Asie-Pacifique,5
2021,NPL,106,65.38,Nepal,Asie-Pacifique,4.44
2022,NPL,76,62.67,Nepal,Asie-Pacifique,4.44
2013,NLD,2,93.52,Netherlands,UE Balkans,8.89
2014,NLD,2,93.54,Netherlands,UE Balkans,8.89
2015,NLD,4,90.78,Netherlands,UE Balkans,8.89
2016,NLD,2,91.24,Netherlands,UE Balkans,8.33
2017,NLD,5,88.72,Netherlands,UE Balkans,8.33
2018,NLD,3,89.99,Netherlands,UE Balkans,8.33
2019,NLD,4,91.37,Netherlands,UE Balkans,8.33
2020,NLD,5,90.04,Netherlands,UE Balkans,8.33
2021,NLD,6,90.33,Netherlands,UE Balkans,8.33
2022,NLD,28,77.93,Netherlands,Europe - Asie centrale,8.33
2013,NZL,8,91.62,New Zealand,Asie-Pacifique,8.89
2014,NZL,9,91.45,New Zealand,Asie-Pacifique,8.89
2015,NZL,6,89.94,New Zealand,Asie-Pacifique,8.89
2016,NZL,5,89.99,New Zealand,Asie-Pacifique,8.89
2017,NZL,13,86.02,New Zealand,Asie-Pacifique,8.89
2018,NZL,8,86.38,New Zealand,Asie-Pacifique,8.89
2019,NZL,7,89.25,New Zealand,Asie-Pacifique,8.89
2020,NZL,9,89.31,New Zealand,Asie-Pacifique,8.89
2021,NZL,8,89.96,New Zealand,Asie-Pacifique,9.44
2022,NZL,11,83.54,New Zealand,Asie-Pacifique,10
2013,NIC,78,71.69,Nicaragua,Amériques,4.44
2014,NIC,71,72.3,Nicaragua,Amériques,4.44
2015,NIC,74,72.06,Nicaragua,Amériques,4.44
2016,NIC,75,71.18,Nicaragua,Amériques,3.89
2017,NIC,92,68.99,Nicaragua,Amériques,3.89
2018,NIC,90,69.59,Nicaragua,Amériques,3.89
2019,NIC,114,64.47,Nicaragua,Amériques,3.89
2020,NIC,117,64.19,Nicaragua,Amériques,5
2021,NIC,121,60.02,Nicaragua,Amériques,3.33
2022,NIC,160,37.09,Nicaragua,Amériques,3.33
2013,NER,43,76.92,Niger,Afrique,2.78
2014,NER,48,76.41,Niger,Afrique,2.78
2015,NER,47,76.15,Niger,Afrique,2.78
2016,NER,52,75.38,Niger,Afrique,3.33
2017,NER,61,72.79,Niger,Afrique,3.33
2018,NER,63,72.6,Niger,Afrique,3.33
2019,NER,66,70.74,Niger,Afrique,3.33
2020,NER,57,71.75,Niger,Afrique,3.33
2021,NER,59,71.56,Niger,Afrique,3.89
2022,NER,59,67.8,Niger,Afrique,3.89
2013,NGA,115,65.89,Nigeria,Afrique,3.33
2014,NGA,112,65.76,Nigeria,Afrique,3.33
2015,NGA,111,65.91,Nigeria,Afrique,3.33
2016,NGA,116,64.1,Nigeria,Afrique,3.33
2017,NGA,122,60.31,Nigeria,Afrique,3.33
2018,NGA,119,62.59,Nigeria,Afrique,3.33
2019,NGA,120,63.5,Nigeria,Afrique,3.33
2020,NGA,115,64.37,Nigeria,Afrique,3.89
2021,NGA,120,60.31,Nigeria,Afrique,3.89
2022,NGA,129,46.79,Nigeria,Afrique,3.89
2013,PRK,178,16.1,North Korea,Asie-Pacifique,1.67
2014,PRK,179,18.04,North Korea,Asie-Pacifique,1.67
2015,PRK,179,16.75,North Korea,Asie-Pacifique,1.67
2016,PRK,179,16.24,North Korea,Asie-Pacifique,1.67
2017,PRK,180,15.02,North Korea,Asie-Pacifique,1.67
2018,PRK,180,11.13,North Korea,Asie-Pacifique,1.67
2019,PRK,179,16.6,North Korea,Asie-Pacifique,1.67
2020,PRK,180,14.18,North Korea,Asie-Pacifique,1.67
2021,PRK,179,18.72,North Korea,Asie-Pacifique,1.67
2022,PRK,180,13.92,North Korea,Asie-Pacifique,1.67
2013,MKD,116,65.73,North Macedonia,UE Balkans,6.11
2014,MKD,123,63.57,North Macedonia,UE Balkans,6.11
2015,MKD,117,63.74,North Macedonia,UE Balkans,6.11
2016,MKD,118,63.91,North Macedonia,UE Balkans,6.11
2017,MKD,111,64.26,North Macedonia,UE Balkans,5.56
2018,MKD,109,67.57,North Macedonia,UE Balkans,6.67
2019,MKD,95,68.34,North Macedonia,UE Balkans,6.67
2020,MKD,92,68.72,North Macedonia,UE Balkans,6.11
2021,MKD,90,68.33,North Macedonia,UE Balkans,6.11
2022,MKD,57,68.44,North Macedonia,Europe - Asie centrale,6.11
2013,NOR,3,93.48,Norway,UE Balkans,10
2014,NOR,3,93.48,Norway,UE Balkans,10
2015,NOR,2,92.25,Norway,UE Balkans,10
2016,NOR,3,91.21,Norway,UE Balkans,10
2017,NOR,1,92.4,Norway,UE Balkans,10
2018,NOR,1,92.37,Norway,UE Balkans,10
2019,NOR,1,92.18,Norway,UE Balkans,10
2020,NOR,1,92.16,Norway,UE Balkans,10
2021,NOR,1,93.28,Norway,UE Balkans,10
2022,NOR,1,92.65,Norway,Europe - Asie centrale,10
2013,OMN,141,58.49,Oman,MENA,3.89
2014,OMN,134,61.17,Oman,MENA,3.33
2015,OMN,127,61.17,Oman,MENA,2.78
2016,OMN,125,59.57,Oman,MENA,2.78
2017,OMN,126,59.54,Oman,MENA,2.78
2018,OMN,127,59.33,Oman,MENA,2.78
2019,OMN,132,56.58,Oman,MENA,2.78
2020,OMN,135,56.58,Oman,MENA,2.78
2021,OMN,133,56.63,Oman,MENA,2.78
2022,OMN,163,35.99,Oman,Maghreb - Moyen-Orient,2.78
2013,PAK,159,48.69,Pakistan,Asie-Pacifique,2.78
2014,PAK,158,48.54,Pakistan,Asie-Pacifique,2.78
2015,PAK,159,49.54,Pakistan,Asie-Pacifique,2.78
2016,PAK,147,51.48,Pakistan,Asie-Pacifique,2.78
2017,PAK,139,56.45,Pakistan,Asie-Pacifique,2.22
2018,PAK,139,56.76,Pakistan,Asie-Pacifique,2.22
2019,PAK,142,54.17,Pakistan,Asie-Pacifique,2.22
2020,PAK,145,54.48,Pakistan,Asie-Pacifique,3.33
2021,PAK,145,53.14,Pakistan,Asie-Pacifique,3.33
2022,PAK,157,37.99,Pakistan,Asie-Pacifique,2.78
2013,PSE,146,56.91,Palestine,MENA,7.779999999999999
2014,PSE,138,59.89,Palestine,MENA,7.779999999999999
2015,PSE,140,58.99,Palestine,MENA,7.779999999999999
2016,PSE,132,57.07,Palestine,MENA,7.779999999999999
2017,PSE,135,57.1,Palestine,MENA,7.779999999999999
2018,PSE,134,57.04,Palestine,MENA,7.779999999999999
2019,PSE,137,55.32,Palestine,MENA,7.779999999999999
2020,PSE,137,55.91,Palestine,MENA,7.779999999999999
2021,PSE,132,56.82,Palestine,MENA,8.33
2022,PSE,170,28.98,Palestine,Maghreb - Moyen-Orient,8.33
2013,PAN,111,67.05,Panama,Amériques,5.56
2014,PAN,87,69.8,Panama,Amériques,5.56
2015,PAN,83,71.02,Panama,Amériques,6.11
2016,PAN,91,69.41,Panama,Amériques,6.11
2017,PAN,96,67.88,Panama,Amériques,6.11
2018,PAN,91,69.44,Panama,Amériques,6.67
2019,PAN,79,70.22,Panama,Amériques,6.67
2020,PAN,76,70.22,Panama,Amériques,7.220000000000001
2021,PAN,77,70.06,Panama,Amériques,7.22
2022,PAN,74,62.78,Panama,Amériques,7.22
2013,PNG,41,77.03,Papua New Guinea,Asie-Pacifique,3.89
2014,PNG,44,76.54,Papua New Guinea,Asie-Pacifique,3.89
2015,PNG,56,74.13,Papua New Guinea,Asie-Pacifique,3.89
2016,PNG,55,74.19,Papua New Guinea,Asie-Pacifique,3.89
2017,PNG,51,74.93,Papua New Guinea,Asie-Pacifique,3.89
2018,PNG,53,73.81,Papua New Guinea,Asie-Pacifique,3.89
2019,PNG,38,75.3,Papua New Guinea,Asie-Pacifique,3.89
2020,PNG,46,76.07,Papua New Guinea,Asie-Pacifique,3.33
2021,PNG,47,75.12,Papua New Guinea,Asie-Pacifique,3.89
2022,PNG,62,66.66,Papua New Guinea,Asie-Pacifique,3.89
2013,PRY,91,71.22,Paraguay,Amériques,5
2014,PRY,105,68.19,Paraguay,Amériques,5
2015,PRY,109,66.26,Paraguay,Amériques,5
2016,PRY,111,66.37,Paraguay,Amériques,5
2017,PRY,110,64.36,Paraguay,Amériques,5
2018,PRY,107,67.68,Paraguay,Amériques,5
2019,PRY,99,67.6,Paraguay,Amériques,5
2020,PRY,100,67.03,Paraguay,Amériques,5
2021,PRY,100,66.48,Paraguay,Amériques,5
2022,PRY,96,58.36,Paraguay,Amériques,6.11
2013,PER,105,68.13,Peru,Amériques,5
2014,PER,104,68.3,Peru,Amériques,5
2015,PER,92,68.79,Peru,Amériques,6.11
2016,PER,84,70.01,Peru,Amériques,6.11
2017,PER,90,69.02,Peru,Amériques,5.56
2018,PER,88,69.73,Peru,Amériques,5.56
2019,PER,85,69.78,Peru,Amériques,5.56
2020,PER,90,69.06,Peru,Amériques,5.56
2021,PER,91,68.29,Peru,Amériques,5.56
2022,PER,77,61.75,Peru,Amériques,5.56
2013,PHL,147,56.89,Philippines,Asie-Pacifique,6.11
2014,PHL,149,56.31,Philippines,Asie-Pacifique,6.67
2015,PHL,141,58.81,Philippines,Asie-Pacifique,6.67
2016,PHL,138,55.34,Philippines,Asie-Pacifique,7.220000000000001
2017,PHL,127,58.92,Philippines,Asie-Pacifique,7.220000000000001
2018,PHL,133,57.47,Philippines,Asie-Pacifique,7.220000000000001
2019,PHL,134,56.09,Philippines,Asie-Pacifique,7.220000000000001
2020,PHL,136,56.46,Philippines,Asie-Pacifique,7.779999999999999
2021,PHL,138,54.36,Philippines,Asie-Pacifique,7.78
2022,PHL,147,41.84,Philippines,Asie-Pacifique,7.78
2013,POL,22,86.89,Poland,UE Balkans,6.11
2014,POL,19,88.97,Poland,UE Balkans,6.67
2015,POL,18,87.29,Poland,UE Balkans,6.67
2016,POL,47,76.11,Poland,UE Balkans,6.67
2017,POL,54,73.53,Poland,UE Balkans,6.11
2018,POL,58,73.41,Poland,UE Balkans,6.11
2019,POL,59,71.11,Poland,UE Balkans,6.11
2020,POL,62,71.35,Poland,UE Balkans,6.67
2021,POL,64,71.16,Poland,UE Balkans,6.67
2022,POL,66,65.64,Poland,Europe - Asie centrale,6.67
2013,PRT,28,83.25,Portugal,UE Balkans,6.67
2014,PRT,30,82.27,Portugal,UE Balkans,6.67
2015,PRT,26,82.89,Portugal,UE Balkans,6.67
2016,PRT,23,82.73,Portugal,UE Balkans,6.67
2017,PRT,18,84.23,Portugal,UE Balkans,6.11
2018,PRT,14,85.83,Portugal,UE Balkans,6.11
2019,PRT,12,87.37,Portugal,UE Balkans,6.11
2020,PRT,10,88.17,Portugal,UE Balkans,6.11
2021,PRT,9,89.89,Portugal,UE Balkans,6.67
2022,PRT,7,87.07,Portugal,Europe - Asie centrale,6.67
2013,QAT,110,67.14,Qatar,MENA,2.22
2014,QAT,113,65.68,Qatar,MENA,2.22
2015,QAT,115,64.65,Qatar,MENA,2.22
2016,QAT,117,64.03,Qatar,MENA,2.22
2017,QAT,123,60.17,Qatar,MENA,2.22
2018,QAT,125,59.84,Qatar,MENA,2.22
2019,QAT,128,57.49,Qatar,MENA,2.22
2020,QAT,129,57.49,Qatar,MENA,2.78
2021,QAT,128,57.4,Qatar,MENA,3.33
2022,QAT,119,49.03,Qatar,Maghreb - Moyen-Orient,3.33
2013,ROU,42,76.95,Romania,UE Balkans,4.44
2014,ROU,45,76.52,Romania,UE Balkans,5
2015,ROU,52,75.1,Romania,UE Balkans,5
2016,ROU,49,75.71,Romania,UE Balkans,5
2017,ROU,46,75.54,Romania,UE Balkans,5
2018,ROU,44,76.35,Romania,UE Balkans,5
2019,ROU,47,74.33,Romania,UE Balkans,5.56
2020,ROU,48,74.09,Romania,UE Balkans,6.67
2021,ROU,48,75.09,Romania,UE Balkans,6.11
2022,ROU,56,68.46,Romania,Europe - Asie centrale,5.56
2013,RUS,148,56.58,Russia,EEAC,5
2014,RUS,148,57.22,Russia,EEAC,5
2015,RUS,152,55.03,Russia,EEAC,5
2016,RUS,148,50.97,Russia,EEAC,5
2017,RUS,148,50.55,Russia,EEAC,5
2018,RUS,148,50.04,Russia,EEAC,5
2019,RUS,149,49.69,Russia,EEAC,5
2020,RUS,149,51.08,Russia,EEAC,5
2021,RUS,150,51.29,Russia,EEAC,4.44
2022,RUS,155,38.82,Russia,Europe - Asie centrale,2.22
2013,RWA,161,44.54,Rwanda,Afrique,2.22
2014,RWA,162,43.43,Rwanda,Afrique,2.22
2015,RWA,161,43.43,Rwanda,Afrique,2.22
2016,RWA,161,45.39,Rwanda,Afrique,2.22
2017,RWA,159,45.89,Rwanda,Afrique,2.78
2018,RWA,156,47.1,Rwanda,Afrique,2.78
2019,RWA,155,47.57,Rwanda,Afrique,2.78
2020,RWA,155,49.66,Rwanda,Afrique,2.78
2021,RWA,156,49.34,Rwanda,Afrique,2.78
2022,RWA,136,45.18,Rwanda,Afrique,2.78
2013,SAU,163,43.12,Saudi Arabia,MENA,1.67
2014,SAU,164,41.7,Saudi Arabia,MENA,1.67
2015,SAU,164,40.59,Saudi Arabia,MENA,2.22
2016,SAU,165,40.28,Saudi Arabia,MENA,2.22
2017,SAU,168,33.98,Saudi Arabia,MENA,2.22
2018,SAU,169,36.87,Saudi Arabia,MENA,2.22
2019,SAU,172,34.12,Saudi Arabia,MENA,2.22
2020,SAU,170,37.86,Saudi Arabia,MENA,2.22
2021,SAU,170,37.27,Saudi Arabia,MENA,2.22
2022,SAU,166,33.71,Saudi Arabia,Maghreb - Moyen-Orient,2.22
2013,SEN,59,73.81,Senegal,Afrique,4.44
2014,SEN,62,73.32,Senegal,Afrique,4.44
2015,SEN,71,72.23,Senegal,Afrique,4.44
2016,SEN,65,72.01,Senegal,Afrique,4.44
2017,SEN,58,73.28,Senegal,Afrique,4.44
2018,SEN,50,74.39,Senegal,Afrique,4.44
2019,SEN,49,74.19,Senegal,Afrique,4.44
2020,SEN,47,76.01,Senegal,Afrique,4.44
2021,SEN,49,74.78,Senegal,Afrique,4.44
2022,SEN,73,63.07,Senegal,Afrique,4.44
2013,SRB,63,73.41,Serbia,UE Balkans,6.11
2014,SRB,54,74.95,Serbia,UE Balkans,6.67
2015,SRB,67,72.34,Serbia,UE Balkans,6.67
2016,SRB,59,72.4,Serbia,UE Balkans,6.67
2017,SRB,66,71.95,Serbia,UE Balkans,6.11
2018,SRB,76,70.42,Serbia,UE Balkans,6.11
2019,SRB,90,68.82,Serbia,UE Balkans,6.11
2020,SRB,93,68.38,Serbia,UE Balkans,6.67
2021,SRB,93,67.97,Serbia,UE Balkans,6.67
2022,SRB,79,61.51,Serbia,Europe - Asie centrale,6.67
2013,SLE,61,73.65,Sierra Leone,Afrique,2.78
2014,SLE,72,71.77,Sierra Leone,Afrique,2.78
2015,SLE,79,71.53,Sierra Leone,Afrique,2.78
2016,SLE,83,70.06,Sierra Leone,Afrique,2.78
2017,SLE,85,69.27,Sierra Leone,Afrique,3.33
2018,SLE,79,70.02,Sierra Leone,Afrique,3.33
2019,SLE,86,69.64,Sierra Leone,Afrique,3.33
2020,SLE,85,69.72,Sierra Leone,Afrique,3.33
2021,SLE,75,70.39,Sierra Leone,Afrique,3.89
2022,SLE,46,71.03,Sierra Leone,Afrique,4.44
2013,SGP,149,56.57,Singapore,Asie-Pacifique,3.89
2014,SGP,150,55.71,Singapore,Asie-Pacifique,5
2015,SGP,153,54.13,Singapore,Asie-Pacifique,5.56
2016,SGP,154,47.04,Singapore,Asie-Pacifique,6.11
2017,SGP,151,48.9,Singapore,Asie-Pacifique,6.11
2018,SGP,151,49.05,Singapore,Asie-Pacifique,6.11
2019,SGP,151,48.59,Singapore,Asie-Pacifique,5
2020,SGP,158,44.77,Singapore,Asie-Pacifique,4.44
2021,SGP,160,44.8,Singapore,Asie-Pacifique,4.44
2022,SGP,139,44.23,Singapore,Asie-Pacifique,4.44
2013,SVK,23,86.75,Slovakia,UE Balkans,5.56
2014,SVK,20,88.61,Slovakia,UE Balkans,5.56
2015,SVK,14,88.34,Slovakia,UE Balkans,5.56
2016,SVK,12,86.74,Slovakia,UE Balkans,5.56
2017,SVK,17,84.49,Slovakia,UE Balkans,5.56
2018,SVK,27,79.74,Slovakia,UE Balkans,5.56
2019,SVK,35,76.42,Slovakia,UE Balkans,5.56
2020,SVK,33,77.33,Slovakia,UE Balkans,5.56
2021,SVK,35,76.98,Slovakia,UE Balkans,5.56
2022,SVK,27,78.37,Slovakia,Europe - Asie centrale,5.56
2013,SVN,35,79.51,Slovenia,UE Balkans,7.220000000000001
2014,SVN,34,79.62,Slovenia,UE Balkans,6.67
2015,SVN,35,79.45,Slovenia,UE Balkans,6.67
2016,SVN,40,77.74,Slovenia,UE Balkans,6.67
2017,SVN,37,78.3,Slovenia,UE Balkans,6.67
2018,SVN,32,78.31,Slovenia,UE Balkans,6.67
2019,SVN,34,77.69,Slovenia,UE Balkans,6.67
2020,SVN,32,77.36,Slovenia,UE Balkans,7.220000000000001
2021,SVN,36,76.9,Slovenia,UE Balkans,7.22
2022,SVN,54,68.54,Slovenia,Europe - Asie centrale,7.22
2013,ZAF,52,75.44,South Africa,Afrique,7.779999999999999
2014,ZAF,42,76.81,South Africa,Afrique,7.779999999999999
2015,ZAF,39,77.94,South Africa,Afrique,8.33
2016,ZAF,39,78.08,South Africa,Afrique,8.33
2017,ZAF,31,79.88,South Africa,Afrique,8.33
2018,ZAF,28,79.61,South Africa,Afrique,8.33
2019,ZAF,31,77.81,South Africa,Afrique,8.33
2020,ZAF,31,77.59,South Africa,Afrique,8.33
2021,ZAF,32,78.41,South Africa,Afrique,8.33
2022,ZAF,35,75.56,South Africa,Afrique,8.33
2013,KOR,50,75.52,South Korea,Asie-Pacifique,7.220000000000001
2014,KOR,57,74.34,South Korea,Asie-Pacifique,7.220000000000001
2015,KOR,60,73.45,South Korea,Asie-Pacifique,7.220000000000001
2016,KOR,70,71.42,South Korea,Asie-Pacifique,7.220000000000001
2017,KOR,63,72.39,South Korea,Asie-Pacifique,7.220000000000001
2018,KOR,43,76.49,South Korea,Asie-Pacifique,7.220000000000001
2019,KOR,41,75.06,South Korea,Asie-Pacifique,7.220000000000001
2020,KOR,42,76.3,South Korea,Asie-Pacifique,7.220000000000001
2021,KOR,42,76.57,South Korea,Asie-Pacifique,7.22
2022,KOR,43,72.11,South Korea,Asie-Pacifique,7.22
2013,ESP,36,79.5,Spain,UE Balkans,6.11
2014,ESP,35,79.37,Spain,UE Balkans,7.220000000000001
2015,ESP,33,80.05,Spain,UE Balkans,7.220000000000001
2016,ESP,34,80.08,Spain,UE Balkans,7.220000000000001
2017,ESP,29,81.31,Spain,UE Balkans,7.779999999999999
2018,ESP,31,79.49,Spain,UE Balkans,7.779999999999999
2019,ESP,29,78.01,Spain,UE Balkans,7.779999999999999
2020,ESP,29,77.84,Spain,UE Balkans,7.220000000000001
2021,ESP,29,79.56,Spain,UE Balkans,7.22
2022,ESP,32,76.71,Spain,Europe - Asie centrale,7.22
2013,LKA,162,43.41,Sri Lanka,Asie-Pacifique,4.44
2014,LKA,165,40.87,Sri Lanka,Asie-Pacifique,4.44
2015,LKA,165,39.72,Sri Lanka,Asie-Pacifique,5
2016,LKA,141,55.04,Sri Lanka,Asie-Pacifique,5
2017,LKA,141,55.66,Sri Lanka,Asie-Pacifique,5
2018,LKA,131,58.63,Sri Lanka,Asie-Pacifique,5
2019,LKA,126,60.39,Sri Lanka,Asie-Pacifique,5.56
2020,LKA,127,58.06,Sri Lanka,Asie-Pacifique,5.56
2021,LKA,127,57.8,Sri Lanka,Asie-Pacifique,5.56
2022,LKA,146,42.13,Sri Lanka,Asie-Pacifique,7.22
2013,SDN,170,29.94,Sudan,Afrique,4.44
2014,SDN,172,28.12,Sudan,Afrique,4.44
2015,SDN,174,27.66,Sudan,Afrique,3.89
2016,SDN,174,27.47,Sudan,Afrique,3.89
2017,SDN,174,26.44,Sudan,Afrique,2.78
2018,SDN,174,28.87,Sudan,Afrique,2.78
2019,SDN,175,27.55,Sudan,Afrique,5.56
2020,SDN,159,44.67,Sudan,Afrique,4.44
2021,SDN,159,47.07,Sudan,Afrique,4.44
2022,SDN,151,40.96,Sudan,Afrique,4.44
2013,SUR,31,81.81,Suriname,Amériques,5
2014,SUR,31,81.8,Suriname,Amériques,5
2015,SUR,29,81.8,Suriname,Amériques,5
2016,SUR,22,83.3,Suriname,Amériques,5
2017,SUR,20,83.93,Suriname,Amériques,5.56
2018,SUR,21,83.56,Suriname,Amériques,6.67
2019,SUR,20,83.62,Suriname,Amériques,6.67
2020,SUR,20,82.5,Suriname,Amériques,6.11
2021,SUR,19,83.05,Suriname,Amériques,6.11
2022,SUR,52,68.95,Suriname,Amériques,6.11
2013,SWE,10,90.77,Sweden,UE Balkans,9.44
2014,SWE,10,91.02,Sweden,UE Balkans,9.44
2015,SWE,5,90.53,Sweden,UE Balkans,8.33
2016,SWE,8,87.67,Sweden,UE Balkans,8.33
2017,SWE,2,91.73,Sweden,UE Balkans,8.33
2018,SWE,2,91.69,Sweden,UE Balkans,8.33
2019,SWE,3,91.69,Sweden,UE Balkans,8.33
2020,SWE,4,90.75,Sweden,UE Balkans,8.33
2021,SWE,3,92.76,Sweden,UE Balkans,8.33
2022,SWE,3,88.84,Sweden,Europe - Asie centrale,8.33
2013,CHE,14,90.06,Switzerland,UE Balkans,7.779999999999999
2014,CHE,15,89.53,Switzerland,UE Balkans,7.779999999999999
2015,CHE,20,86.15,Switzerland,UE Balkans,7.779999999999999
2016,CHE,7,88.24,Switzerland,UE Balkans,7.779999999999999
2017,CHE,7,87.87,Switzerland,UE Balkans,7.779999999999999
2018,CHE,5,88.73,Switzerland,UE Balkans,7.779999999999999
2019,CHE,6,89.48,Switzerland,UE Balkans,7.779999999999999
2020,CHE,8,89.38,Switzerland,UE Balkans,7.779999999999999
2021,CHE,10,89.45,Switzerland,UE Balkans,7.78
2022,CHE,14,82.72,Switzerland,Europe - Asie centrale,8.33
2013,SYR,176,21.47,Syria,MENA,3.33
2014,SYR,177,22.96,Syria,MENA,3.33
2015,SYR,177,22.71,Syria,MENA,2.78
2016,SYR,177,18.65,Syria,MENA,2.78
2017,SYR,177,18.51,Syria,MENA,2.78
2018,SYR,177,20.78,Syria,MENA,2.78
2019,SYR,174,28.22,Syria,MENA,2.78
2020,SYR,174,27.43,Syria,MENA,2.78
2021,SYR,173,29.37,Syria,MENA,2.78
2022,SYR,171,28.94,Syria,Maghreb - Moyen-Orient,2.78
2013,TWN,47,76.18,Taiwan,Asie-Pacifique,6.11
2014,TWN,50,76.18,Taiwan,Asie-Pacifique,6.11
2015,TWN,51,75.17,Taiwan,Asie-Pacifique,6.67
2016,TWN,51,75.63,Taiwan,Asie-Pacifique,6.11
2017,TWN,45,75.63,Taiwan,Asie-Pacifique,6.11
2018,TWN,42,76.64,Taiwan,Asie-Pacifique,6.11
2019,TWN,42,75.02,Taiwan,Asie-Pacifique,6.11
2020,TWN,43,76.24,Taiwan,Asie-Pacifique,7.220000000000001
2021,TWN,43,76.14,Taiwan,Asie-Pacifique,7.78
2022,TWN,38,74.08,Taiwan,Asie-Pacifique,7.78
2013,TJK,123,64.29,Tajikistan,EEAC,2.22
2014,TJK,115,65.14,Tajikistan,EEAC,2.22
2015,TJK,116,63.81,Tajikistan,EEAC,1.67
2016,TJK,150,49.66,Tajikistan,EEAC,1.67
2017,TJK,149,49.73,Tajikistan,EEAC,1.67
2018,TJK,149,49.94,Tajikistan,EEAC,1.67
2019,TJK,161,45.98,Tajikistan,EEAC,1.67
2020,TJK,161,44.66,Tajikistan,EEAC,2.22
2021,TJK,162,44.48,Tajikistan,EEAC,2.22
2022,TJK,152,40.26,Tajikistan,Europe - Asie centrale,2.22
2013,TZA,70,72.66,Tanzania,Afrique,5.56
2014,TZA,69,72.7,Tanzania,Afrique,5.56
2015,TZA,75,71.91,Tanzania,Afrique,5
2016,TZA,71,71.35,Tanzania,Afrique,5.56
2017,TZA,83,69.35,Tanzania,Afrique,5
2018,TZA,93,69.35,Tanzania,Afrique,5
2019,TZA,118,63.72,Tanzania,Afrique,5
2020,TZA,124,59.75,Tanzania,Afrique,5
2021,TZA,124,59.31,Tanzania,Afrique,5
2022,TZA,123,48.28,Tanzania,Afrique,5
2013,THA,135,61.4,Thailand,Asie-Pacifique,5.56
2014,THA,130,62.06,Thailand,Asie-Pacifique,5.56
2015,THA,134,59.93,Thailand,Asie-Pacifique,5.56
2016,THA,136,55.47,Thailand,Asie-Pacifique,5
2017,THA,142,55.31,Thailand,Asie-Pacifique,5
2018,THA,140,55.69,Thailand,Asie-Pacifique,5
2019,THA,136,55.9,Thailand,Asie-Pacifique,6.11
2020,THA,140,55.06,Thailand,Asie-Pacifique,6.67
2021,THA,137,54.78,Thailand,Asie-Pacifique,6.67
2022,THA,115,50.15,Thailand,Asie-Pacifique,8.33
2013,TGO,83,71.55,Togo,Afrique,3.33
2014,TGO,76,71,Togo,Afrique,3.33
2015,TGO,80,71.5,Togo,Afrique,2.78
2016,TGO,88,69.69,Togo,Afrique,2.78
2017,TGO,86,69.25,Togo,Afrique,2.78
2018,TGO,86,69.77,Togo,Afrique,3.33
2019,TGO,76,70.31,Togo,Afrique,3.33
2020,TGO,71,70.67,Togo,Afrique,3.33
2021,TGO,74,70.41,Togo,Afrique,3.33
2022,TGO,100,57.17,Togo,Afrique,3.33
2013,TTO,44,76.88,Trinidad and Tobago,Amériques,5
2014,TTO,43,76.72,Trinidad and Tobago,Amériques,5
2015,TTO,41,77.61,Trinidad and Tobago,Amériques,5.56
2016,TTO,44,76.71,Trinidad and Tobago,Amériques,5.56
2017,TTO,34,79.38,Trinidad and Tobago,Amériques,5.56
2018,TTO,39,77.21,Trinidad and Tobago,Amériques,6.11
2019,TTO,39,75.26,Trinidad and Tobago,Amériques,6.11
2020,TTO,36,76.78,Trinidad and Tobago,Amériques,6.11
2021,TTO,31,78.45,Trinidad and Tobago,Amériques,6.11
2022,TTO,25,78.68,Trinidad and Tobago,Amériques,6.11
2013,TUN,138,60.07,Tunisia,MENA,6.67
2014,TUN,133,61.31,Tunisia,MENA,7.220000000000001
2015,TUN,126,61.32,Tunisia,MENA,7.779999999999999
2016,TUN,96,68.4,Tunisia,MENA,7.779999999999999
2017,TUN,97,67.78,Tunisia,MENA,7.779999999999999
2018,TUN,97,69.09,Tunisia,MENA,7.779999999999999
2019,TUN,72,70.39,Tunisia,MENA,7.220000000000001
2020,TUN,72,70.55,Tunisia,MENA,7.220000000000001
2021,TUN,73,70.47,Tunisia,MENA,7.22
2022,TUN,94,58.49,Tunisia,Maghreb - Moyen-Orient,6.11
2013,TUR,154,53.44,Turkey,EEAC,5
2014,TUR,154,54.13,Turkey,EEAC,4.44
2015,TUR,149,55.84,Turkey,EEAC,5
2016,TUR,151,49.24,Turkey,EEAC,5
2017,TUR,155,47.02,Turkey,EEAC,5
2018,TUR,157,46.5,Turkey,EEAC,5
2019,TUR,157,47.19,Turkey,EEAC,5
2020,TUR,154,49.98,Turkey,EEAC,5.56
2021,TUR,153,50.21,Turkey,EEAC,5.56
2022,TUR,149,41.25,Turkey,Europe - Asie centrale,5.56
2013,TKM,177,20.86,Turkmenistan,EEAC,2.22
2014,TKM,178,19.19,Turkmenistan,EEAC,2.78
2015,TKM,178,19.17,Turkmenistan,EEAC,2.78
2016,TKM,178,16.56,Turkmenistan,EEAC,2.78
2017,TKM,178,15.81,Turkmenistan,EEAC,2.22
2018,TKM,178,15.8,Turkmenistan,EEAC,2.22
2019,TKM,180,14.56,Turkmenistan,EEAC,2.22
2020,TKM,179,14.56,Turkmenistan,EEAC,2.22
2021,TKM,178,19.97,Turkmenistan,EEAC,2.22
2022,TKM,177,25.01,Turkmenistan,Europe - Asie centrale,2.22
2013,UGA,104,68.31,Uganda,Afrique,4.44
2014,UGA,110,66.71,Uganda,Afrique,4.44
2015,UGA,97,68.35,Uganda,Afrique,4.44
2016,UGA,102,67.42,Uganda,Afrique,4.44
2017,UGA,112,64.06,Uganda,Afrique,3.89
2018,UGA,117,63.23,Uganda,Afrique,4.44
2019,UGA,125,60.58,Uganda,Afrique,4.44
2020,UGA,125,59.05,Uganda,Afrique,5
2021,UGA,125,58.81,Uganda,Afrique,3.89
2022,UGA,132,46.35,Uganda,Afrique,3.89
2013,UKR,126,63.21,Ukraine,EEAC,5.56
2014,UKR,127,63.07,Ukraine,EEAC,5.56
2015,UKR,129,60.9,Ukraine,EEAC,6.67
2016,UKR,107,67.07,Ukraine,EEAC,6.67
2017,UKR,102,66.81,Ukraine,EEAC,6.67
2018,UKR,101,68.84,Ukraine,EEAC,6.67
2019,UKR,102,67.54,Ukraine,EEAC,6.67
2020,UKR,96,67.48,Ukraine,EEAC,7.22
2021,UKR,97,67.04,Ukraine,EEAC,6.67
2022,UKR,106,55.76,Ukraine,Europe - Asie centrale,7.22
2013,ARE,114,66.51,United Arab Emirates,MENA,1.11
2014,ARE,118,63.97,United Arab Emirates,MENA,1.67
2015,ARE,120,63.27,United Arab Emirates,MENA,2.22
2016,ARE,119,63.27,United Arab Emirates,MENA,2.22
2017,ARE,119,60.61,United Arab Emirates,MENA,2.22
2018,ARE,128,59.14,United Arab Emirates,MENA,2.22
2019,ARE,133,56.37,United Arab Emirates,MENA,2.22
2020,ARE,131,57.31,United Arab Emirates,MENA,2.22
2021,ARE,131,56.87,United Arab Emirates,MENA,2.22
2022,ARE,138,44.46,United Arab Emirates,Maghreb - Moyen-Orient,2.22
2013,GBR,29,83.11,United Kingdom,UE Balkans,6.67
2014,GBR,33,80.07,United Kingdom,UE Balkans,6.67
2015,GBR,34,80,United Kingdom,UE Balkans,6.67
2016,GBR,38,78.3,United Kingdom,UE Balkans,7.220000000000001
2017,GBR,40,77.74,United Kingdom,UE Balkans,8.33
2018,GBR,40,76.75,United Kingdom,UE Balkans,8.33
2019,GBR,33,77.77,United Kingdom,UE Balkans,8.89
2020,GBR,35,77.07,United Kingdom,UE Balkans,8.89
2021,GBR,33,78.41,United Kingdom,UE Balkans,8.33
2022,GBR,24,78.71,United Kingdom,Europe - Asie centrale,8.33
2013,USA,32,81.78,United States,Amériques,7.220000000000001
2014,USA,46,76.51,United States,Amériques,7.220000000000001
2015,USA,49,75.59,United States,Amériques,7.220000000000001
2016,USA,41,77.51,United States,Amériques,7.220000000000001
2017,USA,43,76.12,United States,Amériques,7.220000000000001
2018,USA,45,76.27,United States,Amériques,7.779999999999999
2019,USA,48,74.31,United States,Amériques,7.779999999999999
2020,USA,45,76.15,United States,Amériques,8.89
2021,USA,44,76.07,United States,Amériques,8.89
2022,USA,42,72.74,United States,Amériques,8.89
2013,URY,27,84.08,Uruguay,Amériques,4.44
2014,URY,26,83.92,Uruguay,Amériques,4.44
2015,URY,23,84.06,Uruguay,Amériques,4.44
2016,URY,20,84.12,Uruguay,Amériques,4.44
2017,URY,25,82.57,Uruguay,Amériques,4.44
2018,URY,20,84.44,Uruguay,Amériques,6.11
2019,URY,19,83.94,Uruguay,Amériques,6.11
2020,URY,19,84.21,Uruguay,Amériques,6.67
2021,URY,18,83.62,Uruguay,Amériques,7.22
2022,URY,44,72.03,Uruguay,Amériques,7.78
2013,UZB,164,39.61,Uzbekistan,EEAC,2.78
2014,UZB,166,38.99,Uzbekistan,EEAC,2.78
2015,UZB,166,38.86,Uzbekistan,EEAC,2.22
2016,UZB,166,38.85,Uzbekistan,EEAC,2.22
2017,UZB,169,33.89,Uzbekistan,EEAC,2.22
2018,UZB,165,39.16,Uzbekistan,EEAC,2.22
2019,UZB,160,46.48,Uzbekistan,EEAC,2.22
2020,UZB,156,46.93,Uzbekistan,EEAC,2.78
2021,UZB,157,49.26,Uzbekistan,EEAC,2.78
2022,UZB,133,45.74,Uzbekistan,Europe - Asie centrale,2.78
2013,VEN,117,65.56,Venezuela,Amériques,5.56
2014,VEN,116,64.63,Venezuela,Amériques,5.56
2015,VEN,137,59.39,Venezuela,Amériques,5
2016,VEN,139,55.23,Venezuela,Amériques,5.56
2017,VEN,137,57.06,Venezuela,Amériques,6.11
2018,VEN,143,53.97,Venezuela,Amériques,4.44
2019,VEN,148,50.9,Venezuela,Amériques,5
2020,VEN,147,54.34,Venezuela,Amériques,5
2021,VEN,148,52.4,Venezuela,Amériques,3.89
2022,VEN,159,37.78,Venezuela,Amériques,5.56
2013,VNM,172,28.22,Vietnam,Asie-Pacifique,3.89
2014,VNM,174,27.64,Vietnam,Asie-Pacifique,3.89
2015,VNM,175,27.37,Vietnam,Asie-Pacifique,3.89
2016,VNM,175,25.73,Vietnam,Asie-Pacifique,3.89
2017,VNM,175,26.04,Vietnam,Asie-Pacifique,3.89
2018,VNM,175,24.95,Vietnam,Asie-Pacifique,3.89
2019,VNM,176,25.07,Vietnam,Asie-Pacifique,3.89
2020,VNM,175,25.29,Vietnam,Asie-Pacifique,3.89
2021,VNM,175,21.54,Vietnam,Asie-Pacifique,3.89
2022,VNM,174,26.11,Vietnam,Asie-Pacifique,3.33
2013,YEM,169,30.78,Yemen,MENA,5
2014,YEM,167,32.74,Yemen,MENA,5
2015,YEM,168,33.64,Yemen,MENA,4.44
2016,YEM,170,32.93,Yemen,MENA,4.44
2017,YEM,166,34.2,Yemen,MENA,4.44
2018,YEM,167,37.77,Yemen,MENA,3.89
2019,YEM,168,38.34,Yemen,MENA,3.89
2020,YEM,167,41.75,Yemen,MENA,3.89
2021,YEM,169,37.65,Yemen,MENA,3.89
2022,YEM,169,29.14,Yemen,Maghreb - Moyen-Orient,3.89
2013,ZMB,72,72.07,Zambia,Afrique,4.44
2014,ZMB,93,69.11,Zambia,Afrique,4.44
2015,ZMB,113,65.65,Zambia,Afrique,3.89
2016,ZMB,114,64.92,Zambia,Afrique,3.89
2017,ZMB,114,63.52,Zambia,Afrique,3.89
2018,ZMB,113,64.64,Zambia,Afrique,3.89
2019,ZMB,119,63.62,Zambia,Afrique,4.44
2020,ZMB,120,63,Zambia,Afrique,3.89
2021,ZMB,115,61.79,Zambia,Afrique,5
2022,ZMB,109,55.4,Zambia,Afrique,5
2013,ZWE,133,61.88,Zimbabwe,Afrique,3.33
2014,ZWE,135,60.81,Zimbabwe,Afrique,3.89
2015,ZWE,131,60.81,Zimbabwe,Afrique,3.89
2016,ZWE,124,59.59,Zimbabwe,Afrique,3.89
2017,ZWE,128,58.56,Zimbabwe,Afrique,4.44
2018,ZWE,126,59.47,Zimbabwe,Afrique,4.44
2019,ZWE,127,57.77,Zimbabwe,Afrique,4.44
2020,ZWE,126,59.05,Zimbabwe,Afrique,4.44
2021,ZWE,130,56.88,Zimbabwe,Afrique,3.89
2022,ZWE,137,44.94,Zimbabwe,Afrique,3.89
