"0","d <- read_csv(""_DataPublic_/vdem/1984_2022/vdem_1984_2022_external.csv"")"
"2","[1mRows: [22m[34m6789[39m [1mColumns: [22m[34m211[39m"
"2","[36m──[39m [1mColumn specification[22m [36m───────────────────────────────────────[39m
[1mDelimiter:[22m "",""
[31mchr[39m    (3): country_name, country_text_id, histname
[32mdbl[39m  (207): country_id, year, project, historical, codingst...
[34mdate[39m   (1): historical_date"
"2","
[36mℹ[39m Use `spec()` to retrieve the full column specification for this data.
[36mℹ[39m Specify the column types or set `show_col_types = FALSE` to quiet this message."
"0","d |> print(n = 3)"
