"0",""
"0","change_education_15_plus <- new_d |> filter(year >= 1984 & year <= 2022) |> group_by(country_name) |> arrange(year) |>"
"0","summarise(change_in_years_of_education_15above = (last(`Education_15plus`) - first(`Education_15plus`))) |> arrange(country_name)"
"0",""
"0","education_ineq_change <- new_d |> select(country_name, year, Education_inequality)"
"0",""
"0","education_ineq_change <- na.omit(education_ineq_change)"
"0",""
"0",""
"0","change_education_inequality <- education_ineq_change |> filter(year >= 1984 & year <= 2010) |>  group_by(country_name) |>  arrange(year) |> summarise(change_in_edu_inequality  = (last(Education_inequality) - first(Education_inequality))) |> arrange(country_name)"
